name,key_mae,all_mae,day1_mae,day3_mae,day7_mae,day14_mae,fold_2026-05-15,fold_2026-06-05,fold_2026-06-26
03_upstream_ridge,0.7693278584259283,0.8653665855691963,0.11854020485759342,0.2976917661508779,0.7177755826405254,1.9433038800547164,0.7578574273849148,0.4399249609088878,1.3276349396549474
08_upstream_huber,0.8005079632146664,0.9209197630160028,0.12012105227734413,0.3272371353350678,0.7690371451621847,1.985636520084069,0.7453729551169735,0.5022351355667932,1.3816806968237803
baseline_momentum_short,0.8616089943813265,1.016549134303232,0.12610461538461568,0.3372095238095251,0.8332949152542409,2.1498269230769247,0.9329428571428617,0.4949571428571451,1.393253903909385
baseline_damped_momentum,0.8769267595101029,1.0440471678547811,0.12797824826085583,0.34776705703048755,0.8970625310885469,2.134899201660521,0.8459915545366196,0.968634201837189,0.7511546655702994
04_upstream_shrink,0.9406505544597024,1.1012062125402609,0.1425399332962998,0.40626901399788684,0.96473592933848,2.249057341206143,0.7579146483344268,1.248860414604624,0.7137447597976259
02_pump_shrink,1.029174667513539,1.2115014393540575,0.1474195990701063,0.4382245671381122,1.0561864298617527,2.474868073984185,0.92512927433757,1.2579684649711895,0.8102759454795434
06_upstream_recent,1.0359174526943475,1.2008263866324325,0.11755976465661552,0.31884216209739685,0.9273148660348381,2.7799530179885394,0.7036897101647415,1.305320625569748,1.0606460410146163
01_pump_ridge,1.0382767100610626,1.2067620491888482,0.1320814424449841,0.3753172466338591,0.9880756886653369,2.6576324625000707,1.0982810744563984,0.8425994607491137,1.2408083431369255
baseline_momentum_long,1.0932419661519543,1.301624325101956,0.1600043956043968,0.4670566893424032,1.1449067796610184,2.6009999999999995,1.100779761904764,0.6709515306122457,1.785825741166029
baseline_current_heuristic,1.104364154096035,1.3505483676432435,0.12773655482066532,0.4551849849539464,1.2395050220792132,2.595030054530315,0.6855123366820841,1.7664868050061044,0.7067946073031474
05_level_gap,1.1066138109779993,1.327809026402051,0.16280100422490548,0.49330981605399027,1.2119806384247394,2.5583637852083614,0.7756755818221763,1.6302426914148231,0.7370476789927383
baseline_persistence,1.169225045270172,1.4068298561669927,0.20201538461538374,0.5994444444444438,1.3397288135593222,2.5357115384615385,0.8613214285714299,1.745690476190475,0.7021185269760069
07_pump_recent,1.2077253613685464,1.4625797657682789,0.12768339456685265,0.4099990335178922,1.2501157969923689,3.0431032203970716,0.9551321536342829,1.6313750048289088,0.8521271070115468
