origin,target_date,horizon,actual_delta,anchor_price,predicted_delta,fold,train_count
2026-05-15 08:00:00+00:00,2026-05-16 00:00:00+00:00,1,0.179000000000002,157.939,0.070142857142857,2026-05-15,67
2026-05-16 08:00:00+00:00,2026-05-17 00:00:00+00:00,1,0.0240000000000009,158.118,0.0784999999999992,2026-05-15,67
2026-05-17 08:00:00+00:00,2026-05-18 00:00:00+00:00,1,0.039999999999992,158.142,0.079428571428571,2026-05-15,67
2026-05-18 08:00:00+00:00,2026-05-19 00:00:00+00:00,1,0.2700000000000102,158.182,0.0803571428571428,2026-05-15,67
2026-05-19 08:00:00+00:00,2026-05-20 00:00:00+00:00,1,0.1839999999999975,158.452,0.0942857142857137,2026-05-15,67
2026-05-20 08:00:00+00:00,2026-05-21 00:00:00+00:00,1,0.242999999999995,158.636,0.0891428571428564,2026-05-15,67
2026-05-21 08:00:00+00:00,2026-05-22 00:00:00+00:00,1,0.2680000000000007,158.879,0.0986428571428571,2026-05-15,67
2026-05-22 08:00:00+00:00,2026-05-23 00:00:00+00:00,1,0.1580000000000154,159.147,0.1145714285714275,2026-05-15,67
2026-05-23 08:00:00+00:00,2026-05-24 00:00:00+00:00,1,0.0199999999999818,159.305,0.1165714285714289,2026-05-15,67
2026-05-24 08:00:00+00:00,2026-05-25 00:00:00+00:00,1,0.0230000000000245,159.325,0.1167142857142847,2026-05-15,67
2026-05-25 08:00:00+00:00,2026-05-26 00:00:00+00:00,1,0.0159999999999911,159.348,0.1179285714285721,2026-05-15,67
2026-05-26 08:00:00+00:00,2026-05-27 00:00:00+00:00,1,0.0679999999999836,159.364,0.1168571428571425,2026-05-15,67
2026-05-27 08:00:00+00:00,2026-05-28 00:00:00+00:00,1,0.0250000000000056,159.432,0.1177857142857143,2026-05-15,67
2026-05-28 08:00:00+00:00,2026-05-29 00:00:00+00:00,1,-0.0389999999999872,159.457,0.1152142857142856,2026-05-15,67
2026-05-29 08:00:00+00:00,2026-05-30 00:00:00+00:00,1,-0.0690000000000168,159.418,0.1056428571428581,2026-05-15,67
2026-05-30 08:00:00+00:00,2026-05-31 00:00:00+00:00,1,-0.0199999999999818,159.349,0.087928571428571,2026-05-15,67
2026-05-31 08:00:00+00:00,2026-06-01 00:00:00+00:00,1,-0.0130000000000052,159.329,0.0847857142857151,2026-05-15,67
2026-06-01 08:00:00+00:00,2026-06-02 00:00:00+00:00,1,-0.2510000000000048,159.316,0.081000000000001,2026-05-15,67
2026-06-02 08:00:00+00:00,2026-06-03 00:00:00+00:00,1,-0.2210000000000036,159.065,0.0437857142857142,2026-05-15,67
2026-06-03 08:00:00+00:00,2026-06-04 00:00:00+00:00,1,-0.1899999999999977,158.844,0.0148571428571427,2026-05-15,67
2026-06-04 08:00:00+00:00,2026-06-05 00:00:00+00:00,1,-0.2489999999999952,158.654,-0.0160714285714281,2026-05-15,67
2026-05-15 08:00:00+00:00,2026-05-17 00:00:00+00:00,2,0.2030000000000029,157.939,0.140285714285714,2026-05-15,66
2026-05-16 08:00:00+00:00,2026-05-18 00:00:00+00:00,2,0.0639999999999929,158.118,0.1569999999999984,2026-05-15,66
2026-05-17 08:00:00+00:00,2026-05-19 00:00:00+00:00,2,0.3100000000000023,158.142,0.158857142857142,2026-05-15,66
2026-05-18 08:00:00+00:00,2026-05-20 00:00:00+00:00,2,0.4540000000000077,158.182,0.1607142857142856,2026-05-15,66
2026-05-19 08:00:00+00:00,2026-05-21 00:00:00+00:00,2,0.4269999999999925,158.452,0.1885714285714274,2026-05-15,66
2026-05-20 08:00:00+00:00,2026-05-22 00:00:00+00:00,2,0.5109999999999957,158.636,0.1782857142857128,2026-05-15,66
2026-05-21 08:00:00+00:00,2026-05-23 00:00:00+00:00,2,0.4260000000000161,158.879,0.1972857142857142,2026-05-15,66
2026-05-22 08:00:00+00:00,2026-05-24 00:00:00+00:00,2,0.1779999999999972,159.147,0.229142857142855,2026-05-15,66
2026-05-23 08:00:00+00:00,2026-05-25 00:00:00+00:00,2,0.0430000000000063,159.305,0.2331428571428578,2026-05-15,66
2026-05-24 08:00:00+00:00,2026-05-26 00:00:00+00:00,2,0.0390000000000156,159.325,0.2334285714285694,2026-05-15,66
2026-05-25 08:00:00+00:00,2026-05-27 00:00:00+00:00,2,0.0839999999999747,159.348,0.2358571428571442,2026-05-15,66
2026-05-26 08:00:00+00:00,2026-05-28 00:00:00+00:00,2,0.0929999999999893,159.364,0.233714285714285,2026-05-15,66
2026-05-27 08:00:00+00:00,2026-05-29 00:00:00+00:00,2,-0.0139999999999815,159.432,0.2355714285714286,2026-05-15,66
2026-05-28 08:00:00+00:00,2026-05-30 00:00:00+00:00,2,-0.108000000000004,159.457,0.2304285714285712,2026-05-15,66
2026-05-29 08:00:00+00:00,2026-05-31 00:00:00+00:00,2,-0.0889999999999986,159.418,0.2112857142857162,2026-05-15,66
2026-05-30 08:00:00+00:00,2026-06-01 00:00:00+00:00,2,-0.032999999999987,159.349,0.175857142857142,2026-05-15,66
2026-05-31 08:00:00+00:00,2026-06-02 00:00:00+00:00,2,-0.26400000000001,159.329,0.1695714285714302,2026-05-15,66
2026-06-01 08:00:00+00:00,2026-06-03 00:00:00+00:00,2,-0.4720000000000084,159.316,0.162000000000002,2026-05-15,66
2026-06-02 08:00:00+00:00,2026-06-04 00:00:00+00:00,2,-0.4110000000000013,159.065,0.0875714285714284,2026-05-15,66
2026-06-03 08:00:00+00:00,2026-06-05 00:00:00+00:00,2,-0.4389999999999929,158.844,0.0297142857142854,2026-05-15,66
2026-06-04 08:00:00+00:00,2026-06-06 00:00:00+00:00,2,-0.5869999999999891,158.654,-0.0321428571428562,2026-05-15,66
2026-05-15 08:00:00+00:00,2026-05-18 00:00:00+00:00,3,0.242999999999995,157.939,0.21042857142857102,2026-05-15,65
2026-05-16 08:00:00+00:00,2026-05-19 00:00:00+00:00,3,0.3340000000000032,158.118,0.2354999999999976,2026-05-15,65
2026-05-17 08:00:00+00:00,2026-05-20 00:00:00+00:00,3,0.4939999999999998,158.142,0.238285714285713,2026-05-15,65
2026-05-18 08:00:00+00:00,2026-05-21 00:00:00+00:00,3,0.6970000000000027,158.182,0.24107142857142838,2026-05-15,65
2026-05-19 08:00:00+00:00,2026-05-22 00:00:00+00:00,3,0.6949999999999932,158.452,0.2828571428571411,2026-05-15,65
2026-05-20 08:00:00+00:00,2026-05-23 00:00:00+00:00,3,0.6690000000000111,158.636,0.2674285714285692,2026-05-15,65
2026-05-21 08:00:00+00:00,2026-05-24 00:00:00+00:00,3,0.4459999999999979,158.879,0.2959285714285713,2026-05-15,65
2026-05-22 08:00:00+00:00,2026-05-25 00:00:00+00:00,3,0.2010000000000218,159.147,0.34371428571428253,2026-05-15,65
2026-05-23 08:00:00+00:00,2026-05-26 00:00:00+00:00,3,0.0589999999999975,159.305,0.3497142857142867,2026-05-15,65
2026-05-24 08:00:00+00:00,2026-05-27 00:00:00+00:00,3,0.1069999999999993,159.325,0.3501428571428541,2026-05-15,65
2026-05-25 08:00:00+00:00,2026-05-28 00:00:00+00:00,3,0.1089999999999804,159.348,0.3537857142857163,2026-05-15,65
2026-05-26 08:00:00+00:00,2026-05-29 00:00:00+00:00,3,0.054000000000002,159.364,0.35057142857142753,2026-05-15,65
2026-05-27 08:00:00+00:00,2026-05-30 00:00:00+00:00,3,-0.0829999999999984,159.432,0.3533571428571429,2026-05-15,65
2026-05-28 08:00:00+00:00,2026-05-31 00:00:00+00:00,3,-0.1279999999999859,159.457,0.3456428571428568,2026-05-15,65
2026-05-29 08:00:00+00:00,2026-06-01 00:00:00+00:00,3,-0.1020000000000038,159.418,0.3169285714285743,2026-05-15,65
2026-05-30 08:00:00+00:00,2026-06-02 00:00:00+00:00,3,-0.2839999999999918,159.349,0.26378571428571296,2026-05-15,65
2026-05-31 08:00:00+00:00,2026-06-03 00:00:00+00:00,3,-0.4850000000000136,159.329,0.2543571428571453,2026-05-15,65
2026-06-01 08:00:00+00:00,2026-06-04 00:00:00+00:00,3,-0.6620000000000061,159.316,0.243000000000003,2026-05-15,65
2026-06-02 08:00:00+00:00,2026-06-05 00:00:00+00:00,3,-0.6599999999999966,159.065,0.1313571428571426,2026-05-15,65
2026-06-03 08:00:00+00:00,2026-06-06 00:00:00+00:00,3,-0.7769999999999868,158.844,0.0445714285714281,2026-05-15,65
2026-06-04 08:00:00+00:00,2026-06-07 00:00:00+00:00,3,-0.6800000000000068,158.654,-0.04821428571428431,2026-05-15,65
2026-05-15 08:00:00+00:00,2026-05-19 00:00:00+00:00,4,0.5130000000000052,157.939,0.280571428571428,2026-05-15,64
2026-05-16 08:00:00+00:00,2026-05-20 00:00:00+00:00,4,0.5180000000000007,158.118,0.3139999999999968,2026-05-15,64
2026-05-17 08:00:00+00:00,2026-05-21 00:00:00+00:00,4,0.7369999999999948,158.142,0.317714285714284,2026-05-15,64
2026-05-18 08:00:00+00:00,2026-05-22 00:00:00+00:00,4,0.9650000000000034,158.182,0.3214285714285712,2026-05-15,64
2026-05-19 08:00:00+00:00,2026-05-23 00:00:00+00:00,4,0.8530000000000086,158.452,0.3771428571428548,2026-05-15,64
2026-05-20 08:00:00+00:00,2026-05-24 00:00:00+00:00,4,0.688999999999993,158.636,0.3565714285714256,2026-05-15,64
2026-05-21 08:00:00+00:00,2026-05-25 00:00:00+00:00,4,0.4690000000000225,158.879,0.3945714285714284,2026-05-15,64
2026-05-22 08:00:00+00:00,2026-05-26 00:00:00+00:00,4,0.2170000000000129,159.147,0.45828571428571,2026-05-15,64
2026-05-23 08:00:00+00:00,2026-05-27 00:00:00+00:00,4,0.1269999999999811,159.305,0.4662857142857156,2026-05-15,64
2026-05-24 08:00:00+00:00,2026-05-28 00:00:00+00:00,4,0.132000000000005,159.325,0.4668571428571388,2026-05-15,64
2026-05-25 08:00:00+00:00,2026-05-29 00:00:00+00:00,4,0.0699999999999931,159.348,0.4717142857142884,2026-05-15,64
2026-05-26 08:00:00+00:00,2026-05-30 00:00:00+00:00,4,-0.0150000000000147,159.364,0.46742857142857,2026-05-15,64
2026-05-27 08:00:00+00:00,2026-05-31 00:00:00+00:00,4,-0.1029999999999802,159.432,0.4711428571428572,2026-05-15,64
2026-05-28 08:00:00+00:00,2026-06-01 00:00:00+00:00,4,-0.1409999999999911,159.457,0.4608571428571424,2026-05-15,64
2026-05-29 08:00:00+00:00,2026-06-02 00:00:00+00:00,4,-0.3530000000000086,159.418,0.4225714285714324,2026-05-15,64
2026-05-30 08:00:00+00:00,2026-06-03 00:00:00+00:00,4,-0.5049999999999955,159.349,0.351714285714284,2026-05-15,64
2026-05-31 08:00:00+00:00,2026-06-04 00:00:00+00:00,4,-0.6750000000000114,159.329,0.3391428571428604,2026-05-15,64
2026-06-01 08:00:00+00:00,2026-06-05 00:00:00+00:00,4,-0.9110000000000014,159.316,0.324000000000004,2026-05-15,64
2026-06-02 08:00:00+00:00,2026-06-06 00:00:00+00:00,4,-0.9979999999999905,159.065,0.1751428571428568,2026-05-15,64
2026-06-03 08:00:00+00:00,2026-06-07 00:00:00+00:00,4,-0.8700000000000045,158.844,0.0594285714285708,2026-05-15,64
2026-06-04 08:00:00+00:00,2026-06-08 00:00:00+00:00,4,-0.7719999999999914,158.654,-0.0642857142857124,2026-05-15,64
2026-05-15 08:00:00+00:00,2026-05-20 00:00:00+00:00,5,0.6970000000000027,157.939,0.35071428571428503,2026-05-15,63
2026-05-16 08:00:00+00:00,2026-05-21 00:00:00+00:00,5,0.7609999999999957,158.118,0.39249999999999596,2026-05-15,63
2026-05-17 08:00:00+00:00,2026-05-22 00:00:00+00:00,5,1.0049999999999957,158.142,0.397142857142855,2026-05-15,63
2026-05-18 08:00:00+00:00,2026-05-23 00:00:00+00:00,5,1.1230000000000189,158.182,0.40178571428571397,2026-05-15,63
2026-05-19 08:00:00+00:00,2026-05-24 00:00:00+00:00,5,0.8729999999999905,158.452,0.4714285714285685,2026-05-15,63
2026-05-20 08:00:00+00:00,2026-05-25 00:00:00+00:00,5,0.7120000000000175,158.636,0.445714285714282,2026-05-15,63
2026-05-21 08:00:00+00:00,2026-05-26 00:00:00+00:00,5,0.4850000000000136,158.879,0.4932142857142855,2026-05-15,63
2026-05-22 08:00:00+00:00,2026-05-27 00:00:00+00:00,5,0.2849999999999966,159.147,0.5728571428571375,2026-05-15,63
2026-05-23 08:00:00+00:00,2026-05-28 00:00:00+00:00,5,0.1519999999999868,159.305,0.5828571428571445,2026-05-15,63
2026-05-24 08:00:00+00:00,2026-05-29 00:00:00+00:00,5,0.0930000000000177,159.325,0.5835714285714235,2026-05-15,63
2026-05-25 08:00:00+00:00,2026-05-30 00:00:00+00:00,5,0.0009999999999763,159.348,0.5896428571428605,2026-05-15,63
2026-05-26 08:00:00+00:00,2026-05-31 00:00:00+00:00,5,-0.0349999999999965,159.364,0.5842857142857125,2026-05-15,63
2026-05-27 08:00:00+00:00,2026-06-01 00:00:00+00:00,5,-0.1159999999999854,159.432,0.5889285714285715,2026-05-15,63
2026-05-28 08:00:00+00:00,2026-06-02 00:00:00+00:00,5,-0.3919999999999959,159.457,0.576071428571428,2026-05-15,63
2026-05-29 08:00:00+00:00,2026-06-03 00:00:00+00:00,5,-0.5740000000000123,159.418,0.5282142857142904,2026-05-15,63
2026-05-30 08:00:00+00:00,2026-06-04 00:00:00+00:00,5,-0.6949999999999932,159.349,0.439642857142855,2026-05-15,63
2026-05-31 08:00:00+00:00,2026-06-05 00:00:00+00:00,5,-0.9240000000000066,159.329,0.42392857142857554,2026-05-15,63
2026-06-01 08:00:00+00:00,2026-06-06 00:00:00+00:00,5,-1.2489999999999952,159.316,0.405000000000005,2026-05-15,63
2026-06-02 08:00:00+00:00,2026-06-07 00:00:00+00:00,5,-1.0910000000000082,159.065,0.218928571428571,2026-05-15,63
2026-06-03 08:00:00+00:00,2026-06-08 00:00:00+00:00,5,-0.9619999999999892,158.844,0.07428571428571351,2026-05-15,63
2026-06-04 08:00:00+00:00,2026-06-09 00:00:00+00:00,5,-1.1450000000000102,158.654,-0.0803571428571405,2026-05-15,63
2026-05-15 08:00:00+00:00,2026-05-21 00:00:00+00:00,6,0.9399999999999976,157.939,0.42085714285714204,2026-05-15,62
2026-05-16 08:00:00+00:00,2026-05-22 00:00:00+00:00,6,1.0289999999999964,158.118,0.4709999999999952,2026-05-15,62
2026-05-17 08:00:00+00:00,2026-05-23 00:00:00+00:00,6,1.163000000000011,158.142,0.476571428571426,2026-05-15,62
2026-05-18 08:00:00+00:00,2026-05-24 00:00:00+00:00,6,1.143000000000001,158.182,0.48214285714285676,2026-05-15,62
2026-05-19 08:00:00+00:00,2026-05-25 00:00:00+00:00,6,0.896000000000015,158.452,0.5657142857142822,2026-05-15,62
2026-05-20 08:00:00+00:00,2026-05-26 00:00:00+00:00,6,0.7280000000000086,158.636,0.5348571428571384,2026-05-15,62
2026-05-21 08:00:00+00:00,2026-05-27 00:00:00+00:00,6,0.5529999999999973,158.879,0.5918571428571426,2026-05-15,62
2026-05-22 08:00:00+00:00,2026-05-28 00:00:00+00:00,6,0.3100000000000023,159.147,0.6874285714285651,2026-05-15,62
2026-05-23 08:00:00+00:00,2026-05-29 00:00:00+00:00,6,0.1129999999999995,159.305,0.6994285714285734,2026-05-15,62
2026-05-24 08:00:00+00:00,2026-05-30 00:00:00+00:00,6,0.0240000000000009,159.325,0.7002857142857082,2026-05-15,62
2026-05-25 08:00:00+00:00,2026-05-31 00:00:00+00:00,6,-0.0190000000000054,159.348,0.7075714285714326,2026-05-15,62
2026-05-26 08:00:00+00:00,2026-06-01 00:00:00+00:00,6,-0.0480000000000018,159.364,0.7011428571428551,2026-05-15,62
2026-05-27 08:00:00+00:00,2026-06-02 00:00:00+00:00,6,-0.3669999999999902,159.432,0.7067142857142859,2026-05-15,62
2026-05-28 08:00:00+00:00,2026-06-03 00:00:00+00:00,6,-0.6129999999999995,159.457,0.6912857142857136,2026-05-15,62
2026-05-29 08:00:00+00:00,2026-06-04 00:00:00+00:00,6,-0.76400000000001,159.418,0.6338571428571486,2026-05-15,62
2026-05-30 08:00:00+00:00,2026-06-05 00:00:00+00:00,6,-0.9439999999999884,159.349,0.5275714285714259,2026-05-15,62
2026-05-31 08:00:00+00:00,2026-06-06 00:00:00+00:00,6,-1.2620000000000005,159.329,0.5087142857142906,2026-05-15,62
2026-06-01 08:00:00+00:00,2026-06-07 00:00:00+00:00,6,-1.342000000000013,159.316,0.486000000000006,2026-05-15,62
2026-06-02 08:00:00+00:00,2026-06-08 00:00:00+00:00,6,-1.1829999999999927,159.065,0.2627142857142852,2026-05-15,62
2026-06-03 08:00:00+00:00,2026-06-09 00:00:00+00:00,6,-1.335000000000008,158.844,0.0891428571428562,2026-05-15,62
2026-06-04 08:00:00+00:00,2026-06-10 00:00:00+00:00,6,-1.561000000000007,158.654,-0.09642857142856862,2026-05-15,62
2026-05-15 08:00:00+00:00,2026-05-22 00:00:00+00:00,7,1.2079999999999984,157.939,0.49099999999999905,2026-05-15,61
2026-05-16 08:00:00+00:00,2026-05-23 00:00:00+00:00,7,1.1870000000000118,158.118,0.5494999999999943,2026-05-15,61
2026-05-17 08:00:00+00:00,2026-05-24 00:00:00+00:00,7,1.1829999999999927,158.142,0.555999999999997,2026-05-15,61
2026-05-18 08:00:00+00:00,2026-05-25 00:00:00+00:00,7,1.1660000000000252,158.182,0.5624999999999996,2026-05-15,61
2026-05-19 08:00:00+00:00,2026-05-26 00:00:00+00:00,7,0.912000000000006,158.452,0.6599999999999959,2026-05-15,61
2026-05-20 08:00:00+00:00,2026-05-27 00:00:00+00:00,7,0.7959999999999923,158.636,0.6239999999999948,2026-05-15,61
2026-05-21 08:00:00+00:00,2026-05-28 00:00:00+00:00,7,0.578000000000003,158.879,0.6904999999999997,2026-05-15,61
2026-05-22 08:00:00+00:00,2026-05-29 00:00:00+00:00,7,0.271000000000015,159.147,0.8019999999999925,2026-05-15,61
2026-05-23 08:00:00+00:00,2026-05-30 00:00:00+00:00,7,0.0439999999999827,159.305,0.8160000000000023,2026-05-15,61
2026-05-24 08:00:00+00:00,2026-05-31 00:00:00+00:00,7,0.004000000000019,159.325,0.816999999999993,2026-05-15,61
2026-05-25 08:00:00+00:00,2026-06-01 00:00:00+00:00,7,-0.0320000000000106,159.348,0.8255000000000048,2026-05-15,61
2026-05-26 08:00:00+00:00,2026-06-02 00:00:00+00:00,7,-0.2990000000000066,159.364,0.8179999999999975,2026-05-15,61
2026-05-27 08:00:00+00:00,2026-06-03 00:00:00+00:00,7,-0.5879999999999939,159.432,0.8245000000000001,2026-05-15,61
2026-05-28 08:00:00+00:00,2026-06-04 00:00:00+00:00,7,-0.8029999999999973,159.457,0.8064999999999992,2026-05-15,61
2026-05-29 08:00:00+00:00,2026-06-05 00:00:00+00:00,7,-1.0130000000000052,159.418,0.7395000000000067,2026-05-15,61
2026-05-30 08:00:00+00:00,2026-06-06 00:00:00+00:00,7,-1.2819999999999825,159.349,0.6154999999999969,2026-05-15,61
2026-05-31 08:00:00+00:00,2026-06-07 00:00:00+00:00,7,-1.3550000000000182,159.329,0.5935000000000057,2026-05-15,61
2026-06-01 08:00:00+00:00,2026-06-08 00:00:00+00:00,7,-1.4339999999999975,159.316,0.567000000000007,2026-05-15,61
2026-06-02 08:00:00+00:00,2026-06-09 00:00:00+00:00,7,-1.5560000000000116,159.065,0.3064999999999994,2026-05-15,61
2026-06-03 08:00:00+00:00,2026-06-10 00:00:00+00:00,7,-1.7510000000000048,158.844,0.1039999999999989,2026-05-15,61
2026-06-04 08:00:00+00:00,2026-06-11 00:00:00+00:00,7,-1.966000000000008,158.654,-0.11249999999999671,2026-05-15,61
2026-05-15 08:00:00+00:00,2026-05-23 00:00:00+00:00,8,1.366000000000014,157.939,0.561142857142856,2026-05-15,60
2026-05-16 08:00:00+00:00,2026-05-24 00:00:00+00:00,8,1.2069999999999936,158.118,0.6279999999999936,2026-05-15,60
2026-05-17 08:00:00+00:00,2026-05-25 00:00:00+00:00,8,1.2060000000000173,158.142,0.635428571428568,2026-05-15,60
2026-05-18 08:00:00+00:00,2026-05-26 00:00:00+00:00,8,1.1820000000000164,158.182,0.6428571428571423,2026-05-15,60
2026-05-19 08:00:00+00:00,2026-05-27 00:00:00+00:00,8,0.9799999999999898,158.452,0.7542857142857096,2026-05-15,60
2026-05-20 08:00:00+00:00,2026-05-28 00:00:00+00:00,8,0.820999999999998,158.636,0.7131428571428512,2026-05-15,60
2026-05-21 08:00:00+00:00,2026-05-29 00:00:00+00:00,8,0.5390000000000157,158.879,0.7891428571428568,2026-05-15,60
2026-05-22 08:00:00+00:00,2026-05-30 00:00:00+00:00,8,0.2019999999999981,159.147,0.91657142857142,2026-05-15,60
2026-05-23 08:00:00+00:00,2026-05-31 00:00:00+00:00,8,0.0240000000000009,159.305,0.9325714285714312,2026-05-15,60
2026-05-24 08:00:00+00:00,2026-06-01 00:00:00+00:00,8,-0.0089999999999861,159.325,0.9337142857142776,2026-05-15,60
2026-05-25 08:00:00+00:00,2026-06-02 00:00:00+00:00,8,-0.2830000000000154,159.348,0.9434285714285768,2026-05-15,60
2026-05-26 08:00:00+00:00,2026-06-03 00:00:00+00:00,8,-0.5200000000000102,159.364,0.93485714285714,2026-05-15,60
2026-05-27 08:00:00+00:00,2026-06-04 00:00:00+00:00,8,-0.7779999999999916,159.432,0.9422857142857144,2026-05-15,60
2026-05-28 08:00:00+00:00,2026-06-05 00:00:00+00:00,8,-1.0519999999999925,159.457,0.9217142857142848,2026-05-15,60
2026-05-29 08:00:00+00:00,2026-06-06 00:00:00+00:00,8,-1.350999999999999,159.418,0.8451428571428647,2026-05-15,60
2026-05-30 08:00:00+00:00,2026-06-07 00:00:00+00:00,8,-1.375,159.349,0.703428571428568,2026-05-15,60
2026-05-31 08:00:00+00:00,2026-06-08 00:00:00+00:00,8,-1.4470000000000027,159.329,0.6782857142857208,2026-05-15,60
2026-06-01 08:00:00+00:00,2026-06-09 00:00:00+00:00,8,-1.8070000000000164,159.316,0.648000000000008,2026-05-15,60
2026-06-02 08:00:00+00:00,2026-06-10 00:00:00+00:00,8,-1.9720000000000084,159.065,0.3502857142857136,2026-05-15,60
2026-06-03 08:00:00+00:00,2026-06-11 00:00:00+00:00,8,-2.156000000000006,158.844,0.1188571428571416,2026-05-15,60
2026-06-04 08:00:00+00:00,2026-06-12 00:00:00+00:00,8,-2.312999999999988,158.654,-0.1285714285714248,2026-05-15,60
2026-05-15 08:00:00+00:00,2026-05-24 00:00:00+00:00,9,1.3859999999999957,157.939,0.6312857142857131,2026-05-15,59
2026-05-16 08:00:00+00:00,2026-05-25 00:00:00+00:00,9,1.2300000000000182,158.118,0.7064999999999928,2026-05-15,59
2026-05-17 08:00:00+00:00,2026-05-26 00:00:00+00:00,9,1.2220000000000084,158.142,0.714857142857139,2026-05-15,59
2026-05-18 08:00:00+00:00,2026-05-27 00:00:00+00:00,9,1.25,158.182,0.7232142857142851,2026-05-15,59
2026-05-19 08:00:00+00:00,2026-05-28 00:00:00+00:00,9,1.0049999999999957,158.452,0.8485714285714232,2026-05-15,59
2026-05-20 08:00:00+00:00,2026-05-29 00:00:00+00:00,9,0.7820000000000107,158.636,0.8022857142857076,2026-05-15,59
2026-05-21 08:00:00+00:00,2026-05-30 00:00:00+00:00,9,0.4699999999999988,158.879,0.887785714285714,2026-05-15,59
2026-05-22 08:00:00+00:00,2026-05-31 00:00:00+00:00,9,0.1820000000000163,159.147,1.0311428571428476,2026-05-15,59
2026-05-23 08:00:00+00:00,2026-06-01 00:00:00+00:00,9,0.0109999999999956,159.305,1.04914285714286,2026-05-15,59
2026-05-24 08:00:00+00:00,2026-06-02 00:00:00+00:00,9,-0.2599999999999909,159.325,1.0504285714285624,2026-05-15,59
2026-05-25 08:00:00+00:00,2026-06-03 00:00:00+00:00,9,-0.5040000000000191,159.348,1.0613571428571489,2026-05-15,59
2026-05-26 08:00:00+00:00,2026-06-04 00:00:00+00:00,9,-0.710000000000008,159.364,1.0517142857142825,2026-05-15,59
2026-05-27 08:00:00+00:00,2026-06-05 00:00:00+00:00,9,-1.0269999999999868,159.432,1.0600714285714288,2026-05-15,59
2026-05-28 08:00:00+00:00,2026-06-06 00:00:00+00:00,9,-1.3899999999999864,159.457,1.0369285714285703,2026-05-15,59
2026-05-29 08:00:00+00:00,2026-06-07 00:00:00+00:00,9,-1.4440000000000168,159.418,0.9507857142857228,2026-05-15,59
2026-05-30 08:00:00+00:00,2026-06-08 00:00:00+00:00,9,-1.4669999999999843,159.349,0.791357142857139,2026-05-15,59
2026-05-31 08:00:00+00:00,2026-06-09 00:00:00+00:00,9,-1.8200000000000216,159.329,0.763071428571436,2026-05-15,59
2026-06-01 08:00:00+00:00,2026-06-10 00:00:00+00:00,9,-2.223000000000013,159.316,0.729000000000009,2026-05-15,59
2026-06-02 08:00:00+00:00,2026-06-11 00:00:00+00:00,9,-2.3770000000000095,159.065,0.3940714285714278,2026-05-15,59
2026-06-03 08:00:00+00:00,2026-06-12 00:00:00+00:00,9,-2.502999999999986,158.844,0.13371428571428431,2026-05-15,59
2026-06-04 08:00:00+00:00,2026-06-13 00:00:00+00:00,9,-2.6330000000000098,158.654,-0.1446428571428529,2026-05-15,59
2026-05-15 08:00:00+00:00,2026-05-25 00:00:00+00:00,10,1.4090000000000202,157.939,0.7014285714285701,2026-05-15,58
2026-05-16 08:00:00+00:00,2026-05-26 00:00:00+00:00,10,1.246000000000009,158.118,0.7849999999999919,2026-05-15,58
2026-05-17 08:00:00+00:00,2026-05-27 00:00:00+00:00,10,1.289999999999992,158.142,0.79428571428571,2026-05-15,58
2026-05-18 08:00:00+00:00,2026-05-28 00:00:00+00:00,10,1.2750000000000057,158.182,0.8035714285714279,2026-05-15,58
2026-05-19 08:00:00+00:00,2026-05-29 00:00:00+00:00,10,0.9660000000000082,158.452,0.942857142857137,2026-05-15,58
2026-05-20 08:00:00+00:00,2026-05-30 00:00:00+00:00,10,0.7129999999999939,158.636,0.891428571428564,2026-05-15,58
2026-05-21 08:00:00+00:00,2026-05-31 00:00:00+00:00,10,0.450000000000017,158.879,0.986428571428571,2026-05-15,58
2026-05-22 08:00:00+00:00,2026-06-01 00:00:00+00:00,10,0.1690000000000111,159.147,1.145714285714275,2026-05-15,58
2026-05-23 08:00:00+00:00,2026-06-02 00:00:00+00:00,10,-0.2400000000000091,159.305,1.165714285714289,2026-05-15,58
2026-05-24 08:00:00+00:00,2026-06-03 00:00:00+00:00,10,-0.4809999999999945,159.325,1.167142857142847,2026-05-15,58
2026-05-25 08:00:00+00:00,2026-06-04 00:00:00+00:00,10,-0.6940000000000168,159.348,1.179285714285721,2026-05-15,58
2026-05-26 08:00:00+00:00,2026-06-05 00:00:00+00:00,10,-0.9590000000000032,159.364,1.168571428571425,2026-05-15,58
2026-05-27 08:00:00+00:00,2026-06-06 00:00:00+00:00,10,-1.364999999999981,159.432,1.177857142857143,2026-05-15,58
2026-05-28 08:00:00+00:00,2026-06-07 00:00:00+00:00,10,-1.483000000000004,159.457,1.152142857142856,2026-05-15,58
2026-05-29 08:00:00+00:00,2026-06-08 00:00:00+00:00,10,-1.5360000000000014,159.418,1.0564285714285808,2026-05-15,58
2026-05-30 08:00:00+00:00,2026-06-09 00:00:00+00:00,10,-1.8400000000000032,159.349,0.87928571428571,2026-05-15,58
2026-05-31 08:00:00+00:00,2026-06-10 00:00:00+00:00,10,-2.2360000000000184,159.329,0.8478571428571511,2026-05-15,58
2026-06-01 08:00:00+00:00,2026-06-11 00:00:00+00:00,10,-2.6280000000000143,159.316,0.81000000000001,2026-05-15,58
2026-06-02 08:00:00+00:00,2026-06-12 00:00:00+00:00,10,-2.7239999999999895,159.065,0.437857142857142,2026-05-15,58
2026-06-03 08:00:00+00:00,2026-06-13 00:00:00+00:00,10,-2.8230000000000075,158.844,0.14857142857142702,2026-05-15,58
2026-06-04 08:00:00+00:00,2026-06-14 00:00:00+00:00,10,-2.725999999999999,158.654,-0.160714285714281,2026-05-15,58
2026-05-15 08:00:00+00:00,2026-05-26 00:00:00+00:00,11,1.4250000000000114,157.939,0.771571428571427,2026-05-15,57
2026-05-16 08:00:00+00:00,2026-05-27 00:00:00+00:00,11,1.313999999999993,158.118,0.8634999999999912,2026-05-15,57
2026-05-17 08:00:00+00:00,2026-05-28 00:00:00+00:00,11,1.3149999999999975,158.142,0.873714285714281,2026-05-15,57
2026-05-18 08:00:00+00:00,2026-05-29 00:00:00+00:00,11,1.2360000000000184,158.182,0.8839285714285707,2026-05-15,57
2026-05-19 08:00:00+00:00,2026-05-30 00:00:00+00:00,11,0.8969999999999914,158.452,1.0371428571428507,2026-05-15,57
2026-05-20 08:00:00+00:00,2026-05-31 00:00:00+00:00,11,0.693000000000012,158.636,0.9805714285714204,2026-05-15,57
2026-05-21 08:00:00+00:00,2026-06-01 00:00:00+00:00,11,0.4370000000000118,158.879,1.085071428571428,2026-05-15,57
2026-05-22 08:00:00+00:00,2026-06-02 00:00:00+00:00,11,-0.0819999999999936,159.147,1.2602857142857025,2026-05-15,57
2026-05-23 08:00:00+00:00,2026-06-03 00:00:00+00:00,11,-0.4610000000000127,159.305,1.2822857142857178,2026-05-15,57
2026-05-24 08:00:00+00:00,2026-06-04 00:00:00+00:00,11,-0.6709999999999923,159.325,1.2838571428571317,2026-05-15,57
2026-05-25 08:00:00+00:00,2026-06-05 00:00:00+00:00,11,-0.943000000000012,159.348,1.2972142857142932,2026-05-15,57
2026-05-26 08:00:00+00:00,2026-06-06 00:00:00+00:00,11,-1.296999999999997,159.364,1.2854285714285676,2026-05-15,57
2026-05-27 08:00:00+00:00,2026-06-07 00:00:00+00:00,11,-1.4579999999999984,159.432,1.2956428571428573,2026-05-15,57
2026-05-28 08:00:00+00:00,2026-06-08 00:00:00+00:00,11,-1.5749999999999886,159.457,1.2673571428571417,2026-05-15,57
2026-05-29 08:00:00+00:00,2026-06-09 00:00:00+00:00,11,-1.90900000000002,159.418,1.162071428571439,2026-05-15,57
2026-05-30 08:00:00+00:00,2026-06-10 00:00:00+00:00,11,-2.256,159.349,0.9672142857142809,2026-05-15,57
2026-05-31 08:00:00+00:00,2026-06-11 00:00:00+00:00,11,-2.6410000000000196,159.329,0.9326428571428661,2026-05-15,57
2026-06-01 08:00:00+00:00,2026-06-12 00:00:00+00:00,11,-2.9749999999999943,159.316,0.891000000000011,2026-05-15,57
2026-06-02 08:00:00+00:00,2026-06-13 00:00:00+00:00,11,-3.044000000000011,159.065,0.4816428571428562,2026-05-15,57
2026-06-03 08:00:00+00:00,2026-06-14 00:00:00+00:00,11,-2.915999999999997,158.844,0.1634285714285697,2026-05-15,57
2026-06-04 08:00:00+00:00,2026-06-15 00:00:00+00:00,11,-2.7949999999999875,158.654,-0.1767857142857091,2026-05-15,57
2026-05-15 08:00:00+00:00,2026-05-27 00:00:00+00:00,12,1.492999999999995,157.939,0.8417142857142841,2026-05-15,56
2026-05-16 08:00:00+00:00,2026-05-28 00:00:00+00:00,12,1.3389999999999986,158.118,0.9419999999999904,2026-05-15,56
2026-05-17 08:00:00+00:00,2026-05-29 00:00:00+00:00,12,1.2760000000000105,158.142,0.953142857142852,2026-05-15,56
2026-05-18 08:00:00+00:00,2026-05-30 00:00:00+00:00,12,1.1670000000000016,158.182,0.9642857142857135,2026-05-15,56
2026-05-19 08:00:00+00:00,2026-05-31 00:00:00+00:00,12,0.8770000000000095,158.452,1.1314285714285643,2026-05-15,56
2026-05-20 08:00:00+00:00,2026-06-01 00:00:00+00:00,12,0.6800000000000068,158.636,1.0697142857142767,2026-05-15,56
2026-05-21 08:00:00+00:00,2026-06-02 00:00:00+00:00,12,0.186000000000007,158.879,1.1837142857142853,2026-05-15,56
2026-05-22 08:00:00+00:00,2026-06-03 00:00:00+00:00,12,-0.3029999999999972,159.147,1.3748571428571301,2026-05-15,56
2026-05-23 08:00:00+00:00,2026-06-04 00:00:00+00:00,12,-0.6510000000000105,159.305,1.3988571428571468,2026-05-15,56
2026-05-24 08:00:00+00:00,2026-06-05 00:00:00+00:00,12,-0.9199999999999876,159.325,1.4005714285714164,2026-05-15,56
2026-05-25 08:00:00+00:00,2026-06-06 00:00:00+00:00,12,-1.281000000000006,159.348,1.4151428571428653,2026-05-15,56
2026-05-26 08:00:00+00:00,2026-06-07 00:00:00+00:00,12,-1.3900000000000148,159.364,1.4022857142857101,2026-05-15,56
2026-05-27 08:00:00+00:00,2026-06-08 00:00:00+00:00,12,-1.549999999999983,159.432,1.4134285714285717,2026-05-15,56
2026-05-28 08:00:00+00:00,2026-06-09 00:00:00+00:00,12,-1.9480000000000075,159.457,1.3825714285714272,2026-05-15,56
2026-05-29 08:00:00+00:00,2026-06-10 00:00:00+00:00,12,-2.325000000000017,159.418,1.2677142857142971,2026-05-15,56
2026-05-30 08:00:00+00:00,2026-06-11 00:00:00+00:00,12,-2.661000000000002,159.349,1.0551428571428518,2026-05-15,56
2026-05-31 08:00:00+00:00,2026-06-12 00:00:00+00:00,12,-2.9879999999999995,159.329,1.0174285714285811,2026-05-15,56
2026-06-01 08:00:00+00:00,2026-06-13 00:00:00+00:00,12,-3.295000000000016,159.316,0.972000000000012,2026-05-15,56
2026-06-02 08:00:00+00:00,2026-06-14 00:00:00+00:00,12,-3.1370000000000005,159.065,0.5254285714285704,2026-05-15,56
2026-06-03 08:00:00+00:00,2026-06-15 00:00:00+00:00,12,-2.984999999999985,158.844,0.1782857142857124,2026-05-15,56
2026-06-04 08:00:00+00:00,2026-06-16 00:00:00+00:00,12,-3.2109999999999843,158.654,-0.19285714285713723,2026-05-15,56
2026-05-15 08:00:00+00:00,2026-05-28 00:00:00+00:00,13,1.518000000000001,157.939,0.9118571428571411,2026-05-15,55
2026-05-16 08:00:00+00:00,2026-05-29 00:00:00+00:00,13,1.3000000000000114,158.118,1.0204999999999895,2026-05-15,55
2026-05-17 08:00:00+00:00,2026-05-30 00:00:00+00:00,13,1.2069999999999936,158.142,1.032571428571423,2026-05-15,55
2026-05-18 08:00:00+00:00,2026-05-31 00:00:00+00:00,13,1.1470000000000198,158.182,1.0446428571428563,2026-05-15,55
2026-05-19 08:00:00+00:00,2026-06-01 00:00:00+00:00,13,0.8640000000000043,158.452,1.225714285714278,2026-05-15,55
2026-05-20 08:00:00+00:00,2026-06-02 00:00:00+00:00,13,0.429000000000002,158.636,1.1588571428571333,2026-05-15,55
2026-05-21 08:00:00+00:00,2026-06-03 00:00:00+00:00,13,-0.0349999999999965,158.879,1.2823571428571423,2026-05-15,55
2026-05-22 08:00:00+00:00,2026-06-04 00:00:00+00:00,13,-0.492999999999995,159.147,1.4894285714285576,2026-05-15,55
2026-05-23 08:00:00+00:00,2026-06-05 00:00:00+00:00,13,-0.9000000000000057,159.305,1.5154285714285756,2026-05-15,55
2026-05-24 08:00:00+00:00,2026-06-06 00:00:00+00:00,13,-1.2579999999999814,159.325,1.517285714285701,2026-05-15,55
2026-05-25 08:00:00+00:00,2026-06-07 00:00:00+00:00,13,-1.3740000000000236,159.348,1.5330714285714373,2026-05-15,55
2026-05-26 08:00:00+00:00,2026-06-08 00:00:00+00:00,13,-1.481999999999999,159.364,1.5191428571428527,2026-05-15,55
2026-05-27 08:00:00+00:00,2026-06-09 00:00:00+00:00,13,-1.9230000000000016,159.432,1.5312142857142859,2026-05-15,55
2026-05-28 08:00:00+00:00,2026-06-10 00:00:00+00:00,13,-2.3640000000000043,159.457,1.4977857142857127,2026-05-15,55
2026-05-29 08:00:00+00:00,2026-06-11 00:00:00+00:00,13,-2.730000000000018,159.418,1.3733571428571552,2026-05-15,55
2026-05-30 08:00:00+00:00,2026-06-12 00:00:00+00:00,13,-3.007999999999982,159.349,1.143071428571423,2026-05-15,55
2026-05-31 08:00:00+00:00,2026-06-13 00:00:00+00:00,13,-3.308000000000021,159.329,1.1022142857142962,2026-05-15,55
2026-06-01 08:00:00+00:00,2026-06-14 00:00:00+00:00,13,-3.3880000000000052,159.316,1.053000000000013,2026-05-15,55
2026-06-02 08:00:00+00:00,2026-06-15 00:00:00+00:00,13,-3.205999999999989,159.065,0.5692142857142846,2026-05-15,55
2026-06-03 08:00:00+00:00,2026-06-16 00:00:00+00:00,13,-3.400999999999982,158.844,0.19314285714285512,2026-05-15,55
2026-06-04 08:00:00+00:00,2026-06-17 00:00:00+00:00,13,-3.5490000000000066,158.654,-0.20892857142856533,2026-05-15,55
2026-05-15 08:00:00+00:00,2026-05-29 00:00:00+00:00,14,1.4790000000000134,157.939,0.9819999999999981,2026-05-15,54
2026-05-16 08:00:00+00:00,2026-05-30 00:00:00+00:00,14,1.2309999999999943,158.118,1.0989999999999887,2026-05-15,54
2026-05-17 08:00:00+00:00,2026-05-31 00:00:00+00:00,14,1.1870000000000118,158.142,1.111999999999994,2026-05-15,54
2026-05-18 08:00:00+00:00,2026-06-01 00:00:00+00:00,14,1.1340000000000146,158.182,1.1249999999999991,2026-05-15,54
2026-05-19 08:00:00+00:00,2026-06-02 00:00:00+00:00,14,0.6129999999999995,158.452,1.3199999999999918,2026-05-15,54
2026-05-20 08:00:00+00:00,2026-06-03 00:00:00+00:00,14,0.2079999999999984,158.636,1.2479999999999896,2026-05-15,54
2026-05-21 08:00:00+00:00,2026-06-04 00:00:00+00:00,14,-0.2249999999999943,158.879,1.3809999999999993,2026-05-15,54
2026-05-22 08:00:00+00:00,2026-06-05 00:00:00+00:00,14,-0.7419999999999902,159.147,1.603999999999985,2026-05-15,54
2026-05-23 08:00:00+00:00,2026-06-06 00:00:00+00:00,14,-1.2379999999999995,159.305,1.6320000000000046,2026-05-15,54
2026-05-24 08:00:00+00:00,2026-06-07 00:00:00+00:00,14,-1.350999999999999,159.325,1.633999999999986,2026-05-15,54
2026-05-25 08:00:00+00:00,2026-06-08 00:00:00+00:00,14,-1.4660000000000082,159.348,1.6510000000000096,2026-05-15,54
2026-05-26 08:00:00+00:00,2026-06-09 00:00:00+00:00,14,-1.8550000000000184,159.364,1.635999999999995,2026-05-15,54
2026-05-27 08:00:00+00:00,2026-06-10 00:00:00+00:00,14,-2.338999999999998,159.432,1.6490000000000002,2026-05-15,54
2026-05-28 08:00:00+00:00,2026-06-11 00:00:00+00:00,14,-2.7690000000000055,159.457,1.6129999999999984,2026-05-15,54
2026-05-29 08:00:00+00:00,2026-06-12 00:00:00+00:00,14,-3.076999999999998,159.418,1.4790000000000134,2026-05-15,54
2026-05-30 08:00:00+00:00,2026-06-13 00:00:00+00:00,14,-3.328000000000003,159.349,1.2309999999999939,2026-05-15,54
2026-05-31 08:00:00+00:00,2026-06-14 00:00:00+00:00,14,-3.4010000000000105,159.329,1.1870000000000114,2026-05-15,54
2026-06-01 08:00:00+00:00,2026-06-15 00:00:00+00:00,14,-3.4569999999999936,159.316,1.134000000000014,2026-05-15,54
2026-06-02 08:00:00+00:00,2026-06-16 00:00:00+00:00,14,-3.6219999999999857,159.065,0.6129999999999988,2026-05-15,54
2026-06-03 08:00:00+00:00,2026-06-17 00:00:00+00:00,14,-3.739000000000004,158.844,0.2079999999999978,2026-05-15,54
2026-06-04 08:00:00+00:00,2026-06-18 00:00:00+00:00,14,-3.923000000000002,158.654,-0.22499999999999343,2026-05-15,54
2026-06-05 08:00:00+00:00,2026-06-06 00:00:00+00:00,1,-0.3379999999999938,158.405,-0.0529999999999993,2026-06-05,88
2026-06-06 08:00:00+00:00,2026-06-07 00:00:00+00:00,1,-0.0930000000000177,158.067,-0.0884285714285714,2026-06-05,88
2026-06-07 08:00:00+00:00,2026-06-08 00:00:00+00:00,1,-0.0919999999999845,157.974,-0.0964999999999999,2026-06-05,88
2026-06-08 08:00:00+00:00,2026-06-09 00:00:00+00:00,1,-0.3730000000000188,157.882,-0.1047142857142863,2026-06-05,88
2026-06-09 08:00:00+00:00,2026-06-10 00:00:00+00:00,1,-0.4159999999999968,157.509,-0.1325000000000013,2026-06-05,88
2026-06-10 08:00:00+00:00,2026-06-11 00:00:00+00:00,1,-0.4050000000000011,157.093,-0.1670714285714284,2026-06-05,88
2026-06-11 08:00:00+00:00,2026-06-12 00:00:00+00:00,1,-0.34699999999998,156.688,-0.1977857142857146,2026-06-05,88
2026-06-12 08:00:00+00:00,2026-06-13 00:00:00+00:00,1,-0.3200000000000216,156.341,-0.2197857142857141,2026-06-05,88
2026-06-13 08:00:00+00:00,2026-06-14 00:00:00+00:00,1,-0.0929999999999893,156.021,-0.2377142857142859,2026-06-05,88
2026-06-14 08:00:00+00:00,2026-06-15 00:00:00+00:00,1,-0.0689999999999884,155.928,-0.2429285714285722,2026-06-05,88
2026-06-15 08:00:00+00:00,2026-06-16 00:00:00+00:00,1,-0.4159999999999968,155.859,-0.2469285714285709,2026-06-05,88
2026-06-16 08:00:00+00:00,2026-06-17 00:00:00+00:00,1,-0.3380000000000223,155.443,-0.2587142857142847,2026-06-05,88
2026-06-17 08:00:00+00:00,2026-06-18 00:00:00+00:00,1,-0.3739999999999952,155.105,-0.2670714285714289,2026-06-05,88
2026-06-18 08:00:00+00:00,2026-06-19 00:00:00+00:00,1,-0.2999999999999829,154.731,-0.2802142857142858,2026-06-05,88
2026-06-19 08:00:00+00:00,2026-06-20 00:00:00+00:00,1,-0.4840000000000088,154.431,-0.2838571428571421,2026-06-05,88
2026-06-20 08:00:00+00:00,2026-06-21 00:00:00+00:00,1,-0.171999999999997,153.947,-0.2942857142857146,2026-06-05,88
2026-06-21 08:00:00+00:00,2026-06-22 00:00:00+00:00,1,-0.0990000000000179,153.775,-0.2999285714285702,2026-06-05,88
2026-06-22 08:00:00+00:00,2026-06-23 00:00:00+00:00,1,-0.5049999999999955,153.676,-0.3004285714285726,2026-06-05,88
2026-06-23 08:00:00+00:00,2026-06-24 00:00:00+00:00,1,-0.4890000000000043,153.171,-0.3098571428571424,2026-06-05,88
2026-06-24 08:00:00+00:00,2026-06-25 00:00:00+00:00,1,-0.3619999999999947,152.682,-0.3150714285714286,2026-06-05,88
2026-06-25 08:00:00+00:00,2026-06-26 00:00:00+00:00,1,-0.3379999999999938,152.32,-0.3119999999999996,2026-06-05,88
2026-06-05 08:00:00+00:00,2026-06-07 00:00:00+00:00,2,-0.4310000000000116,158.405,-0.1059999999999986,2026-06-05,87
2026-06-06 08:00:00+00:00,2026-06-08 00:00:00+00:00,2,-0.1850000000000022,158.067,-0.1768571428571428,2026-06-05,87
2026-06-07 08:00:00+00:00,2026-06-09 00:00:00+00:00,2,-0.4650000000000034,157.974,-0.1929999999999998,2026-06-05,87
2026-06-08 08:00:00+00:00,2026-06-10 00:00:00+00:00,2,-0.7890000000000157,157.882,-0.2094285714285726,2026-06-05,87
2026-06-09 08:00:00+00:00,2026-06-11 00:00:00+00:00,2,-0.820999999999998,157.509,-0.2650000000000026,2026-06-05,87
2026-06-10 08:00:00+00:00,2026-06-12 00:00:00+00:00,2,-0.7519999999999811,157.093,-0.3341428571428568,2026-06-05,87
2026-06-11 08:00:00+00:00,2026-06-13 00:00:00+00:00,2,-0.6670000000000016,156.688,-0.3955714285714292,2026-06-05,87
2026-06-12 08:00:00+00:00,2026-06-14 00:00:00+00:00,2,-0.4130000000000109,156.341,-0.4395714285714282,2026-06-05,87
2026-06-13 08:00:00+00:00,2026-06-15 00:00:00+00:00,2,-0.1619999999999777,156.021,-0.4754285714285718,2026-06-05,87
2026-06-14 08:00:00+00:00,2026-06-16 00:00:00+00:00,2,-0.4849999999999852,155.928,-0.4858571428571444,2026-06-05,87
2026-06-15 08:00:00+00:00,2026-06-17 00:00:00+00:00,2,-0.7540000000000191,155.859,-0.4938571428571418,2026-06-05,87
2026-06-16 08:00:00+00:00,2026-06-18 00:00:00+00:00,2,-0.7120000000000175,155.443,-0.5174285714285694,2026-06-05,87
2026-06-17 08:00:00+00:00,2026-06-19 00:00:00+00:00,2,-0.6739999999999782,155.105,-0.5341428571428578,2026-06-05,87
2026-06-18 08:00:00+00:00,2026-06-20 00:00:00+00:00,2,-0.7839999999999918,154.731,-0.5604285714285716,2026-06-05,87
2026-06-19 08:00:00+00:00,2026-06-21 00:00:00+00:00,2,-0.6560000000000059,154.431,-0.5677142857142842,2026-06-05,87
2026-06-20 08:00:00+00:00,2026-06-22 00:00:00+00:00,2,-0.271000000000015,153.947,-0.5885714285714292,2026-06-05,87
2026-06-21 08:00:00+00:00,2026-06-23 00:00:00+00:00,2,-0.6040000000000134,153.775,-0.5998571428571404,2026-06-05,87
2026-06-22 08:00:00+00:00,2026-06-24 00:00:00+00:00,2,-0.9939999999999998,153.676,-0.6008571428571452,2026-06-05,87
2026-06-23 08:00:00+00:00,2026-06-25 00:00:00+00:00,2,-0.8509999999999991,153.171,-0.6197142857142848,2026-06-05,87
2026-06-24 08:00:00+00:00,2026-06-26 00:00:00+00:00,2,-0.6999999999999886,152.682,-0.6301428571428572,2026-06-05,87
2026-06-25 08:00:00+00:00,2026-06-27 00:00:00+00:00,2,-0.5919999999999845,152.32,-0.6239999999999992,2026-06-05,87
2026-06-05 08:00:00+00:00,2026-06-08 00:00:00+00:00,3,-0.5229999999999961,158.405,-0.1589999999999979,2026-06-05,86
2026-06-06 08:00:00+00:00,2026-06-09 00:00:00+00:00,3,-0.5580000000000211,158.067,-0.2652857142857142,2026-06-05,86
2026-06-07 08:00:00+00:00,2026-06-10 00:00:00+00:00,3,-0.8810000000000002,157.974,-0.2894999999999997,2026-06-05,86
2026-06-08 08:00:00+00:00,2026-06-11 00:00:00+00:00,3,-1.1940000000000168,157.882,-0.3141428571428589,2026-06-05,86
2026-06-09 08:00:00+00:00,2026-06-12 00:00:00+00:00,3,-1.167999999999978,157.509,-0.39750000000000396,2026-06-05,86
2026-06-10 08:00:00+00:00,2026-06-13 00:00:00+00:00,3,-1.0720000000000027,157.093,-0.5012142857142852,2026-06-05,86
2026-06-11 08:00:00+00:00,2026-06-14 00:00:00+00:00,3,-0.7599999999999909,156.688,-0.5933571428571438,2026-06-05,86
2026-06-12 08:00:00+00:00,2026-06-15 00:00:00+00:00,3,-0.4819999999999993,156.341,-0.6593571428571423,2026-06-05,86
2026-06-13 08:00:00+00:00,2026-06-16 00:00:00+00:00,3,-0.5779999999999745,156.021,-0.7131428571428577,2026-06-05,86
2026-06-14 08:00:00+00:00,2026-06-17 00:00:00+00:00,3,-0.8230000000000075,155.928,-0.7287857142857166,2026-06-05,86
2026-06-15 08:00:00+00:00,2026-06-18 00:00:00+00:00,3,-1.1280000000000143,155.859,-0.7407857142857126,2026-06-05,86
2026-06-16 08:00:00+00:00,2026-06-19 00:00:00+00:00,3,-1.0120000000000005,155.443,-0.776142857142854,2026-06-05,86
2026-06-17 08:00:00+00:00,2026-06-20 00:00:00+00:00,3,-1.157999999999987,155.105,-0.8012142857142868,2026-06-05,86
2026-06-18 08:00:00+00:00,2026-06-21 00:00:00+00:00,3,-0.9559999999999887,154.731,-0.8406428571428575,2026-06-05,86
2026-06-19 08:00:00+00:00,2026-06-22 00:00:00+00:00,3,-0.7550000000000239,154.431,-0.8515714285714262,2026-06-05,86
2026-06-20 08:00:00+00:00,2026-06-23 00:00:00+00:00,3,-0.7760000000000105,153.947,-0.8828571428571438,2026-06-05,86
2026-06-21 08:00:00+00:00,2026-06-24 00:00:00+00:00,3,-1.0930000000000175,153.775,-0.8997857142857106,2026-06-05,86
2026-06-22 08:00:00+00:00,2026-06-25 00:00:00+00:00,3,-1.3559999999999943,153.676,-0.9012857142857178,2026-06-05,86
2026-06-23 08:00:00+00:00,2026-06-26 00:00:00+00:00,3,-1.188999999999993,153.171,-0.9295714285714272,2026-06-05,86
2026-06-24 08:00:00+00:00,2026-06-27 00:00:00+00:00,3,-0.9539999999999792,152.682,-0.9452142857142858,2026-06-05,86
2026-06-25 08:00:00+00:00,2026-06-28 00:00:00+00:00,3,-0.6659999999999968,152.32,-0.9359999999999988,2026-06-05,86
2026-06-05 08:00:00+00:00,2026-06-09 00:00:00+00:00,4,-0.896000000000015,158.405,-0.2119999999999972,2026-06-05,85
2026-06-06 08:00:00+00:00,2026-06-10 00:00:00+00:00,4,-0.974000000000018,158.067,-0.3537142857142856,2026-06-05,85
2026-06-07 08:00:00+00:00,2026-06-11 00:00:00+00:00,4,-1.2860000000000014,157.974,-0.3859999999999996,2026-06-05,85
2026-06-08 08:00:00+00:00,2026-06-12 00:00:00+00:00,4,-1.5409999999999968,157.882,-0.4188571428571452,2026-06-05,85
2026-06-09 08:00:00+00:00,2026-06-13 00:00:00+00:00,4,-1.4879999999999995,157.509,-0.5300000000000052,2026-06-05,85
2026-06-10 08:00:00+00:00,2026-06-14 00:00:00+00:00,4,-1.164999999999992,157.093,-0.6682857142857136,2026-06-05,85
2026-06-11 08:00:00+00:00,2026-06-15 00:00:00+00:00,4,-0.8289999999999793,156.688,-0.7911428571428584,2026-06-05,85
2026-06-12 08:00:00+00:00,2026-06-16 00:00:00+00:00,4,-0.8979999999999961,156.341,-0.8791428571428564,2026-06-05,85
2026-06-13 08:00:00+00:00,2026-06-17 00:00:00+00:00,4,-0.9159999999999968,156.021,-0.9508571428571436,2026-06-05,85
2026-06-14 08:00:00+00:00,2026-06-18 00:00:00+00:00,4,-1.1970000000000027,155.928,-0.9717142857142888,2026-06-05,85
2026-06-15 08:00:00+00:00,2026-06-19 00:00:00+00:00,4,-1.4279999999999973,155.859,-0.9877142857142835,2026-06-05,85
2026-06-16 08:00:00+00:00,2026-06-20 00:00:00+00:00,4,-1.496000000000009,155.443,-1.0348571428571387,2026-06-05,85
2026-06-17 08:00:00+00:00,2026-06-21 00:00:00+00:00,4,-1.329999999999984,155.105,-1.0682857142857156,2026-06-05,85
2026-06-18 08:00:00+00:00,2026-06-22 00:00:00+00:00,4,-1.0550000000000068,154.731,-1.1208571428571432,2026-06-05,85
2026-06-19 08:00:00+00:00,2026-06-23 00:00:00+00:00,4,-1.260000000000019,154.431,-1.1354285714285683,2026-06-05,85
2026-06-20 08:00:00+00:00,2026-06-24 00:00:00+00:00,4,-1.2650000000000148,153.947,-1.1771428571428584,2026-06-05,85
2026-06-21 08:00:00+00:00,2026-06-25 00:00:00+00:00,4,-1.4550000000000125,153.775,-1.1997142857142808,2026-06-05,85
2026-06-22 08:00:00+00:00,2026-06-26 00:00:00+00:00,4,-1.6939999999999884,153.676,-1.2017142857142904,2026-06-05,85
2026-06-23 08:00:00+00:00,2026-06-27 00:00:00+00:00,4,-1.4429999999999836,153.171,-1.2394285714285695,2026-06-05,85
2026-06-24 08:00:00+00:00,2026-06-28 00:00:00+00:00,4,-1.0279999999999916,152.682,-1.2602857142857145,2026-06-05,85
2026-06-25 08:00:00+00:00,2026-06-29 00:00:00+00:00,4,-0.7009999999999934,152.32,-1.2479999999999984,2026-06-05,85
2026-06-05 08:00:00+00:00,2026-06-10 00:00:00+00:00,5,-1.3120000000000118,158.405,-0.26499999999999646,2026-06-05,84
2026-06-06 08:00:00+00:00,2026-06-11 00:00:00+00:00,5,-1.379000000000019,158.067,-0.442142857142857,2026-06-05,84
2026-06-07 08:00:00+00:00,2026-06-12 00:00:00+00:00,5,-1.6329999999999814,157.974,-0.48249999999999954,2026-06-05,84
2026-06-08 08:00:00+00:00,2026-06-13 00:00:00+00:00,5,-1.8610000000000184,157.882,-0.5235714285714315,2026-06-05,84
2026-06-09 08:00:00+00:00,2026-06-14 00:00:00+00:00,5,-1.5809999999999889,157.509,-0.6625000000000065,2026-06-05,84
2026-06-10 08:00:00+00:00,2026-06-15 00:00:00+00:00,5,-1.2339999999999804,157.093,-0.835357142857142,2026-06-05,84
2026-06-11 08:00:00+00:00,2026-06-16 00:00:00+00:00,5,-1.244999999999976,156.688,-0.9889285714285729,2026-06-05,84
2026-06-12 08:00:00+00:00,2026-06-17 00:00:00+00:00,5,-1.2360000000000184,156.341,-1.0989285714285706,2026-06-05,84
2026-06-13 08:00:00+00:00,2026-06-18 00:00:00+00:00,5,-1.289999999999992,156.021,-1.1885714285714295,2026-06-05,84
2026-06-14 08:00:00+00:00,2026-06-19 00:00:00+00:00,5,-1.4969999999999857,155.928,-1.214642857142861,2026-06-05,84
2026-06-15 08:00:00+00:00,2026-06-20 00:00:00+00:00,5,-1.912000000000006,155.859,-1.2346428571428545,2026-06-05,84
2026-06-16 08:00:00+00:00,2026-06-21 00:00:00+00:00,5,-1.6680000000000064,155.443,-1.2935714285714233,2026-06-05,84
2026-06-17 08:00:00+00:00,2026-06-22 00:00:00+00:00,5,-1.429000000000002,155.105,-1.3353571428571445,2026-06-05,84
2026-06-18 08:00:00+00:00,2026-06-23 00:00:00+00:00,5,-1.5600000000000025,154.731,-1.401071428571429,2026-06-05,84
2026-06-19 08:00:00+00:00,2026-06-24 00:00:00+00:00,5,-1.7490000000000236,154.431,-1.4192857142857105,2026-06-05,84
2026-06-20 08:00:00+00:00,2026-06-25 00:00:00+00:00,5,-1.6270000000000095,153.947,-1.4714285714285729,2026-06-05,84
2026-06-21 08:00:00+00:00,2026-06-26 00:00:00+00:00,5,-1.7930000000000064,153.775,-1.499642857142851,2026-06-05,84
2026-06-22 08:00:00+00:00,2026-06-27 00:00:00+00:00,5,-1.947999999999979,153.676,-1.502142857142863,2026-06-05,84
2026-06-23 08:00:00+00:00,2026-06-28 00:00:00+00:00,5,-1.516999999999996,153.171,-1.549285714285712,2026-06-05,84
2026-06-24 08:00:00+00:00,2026-06-29 00:00:00+00:00,5,-1.0629999999999882,152.682,-1.5753571428571431,2026-06-05,84
2026-06-25 08:00:00+00:00,2026-06-30 00:00:00+00:00,5,-0.931999999999988,152.32,-1.559999999999998,2026-06-05,84
2026-06-05 08:00:00+00:00,2026-06-11 00:00:00+00:00,6,-1.717000000000013,158.405,-0.3179999999999958,2026-06-05,83
2026-06-06 08:00:00+00:00,2026-06-12 00:00:00+00:00,6,-1.725999999999999,158.067,-0.5305714285714284,2026-06-05,83
2026-06-07 08:00:00+00:00,2026-06-13 00:00:00+00:00,6,-1.953000000000003,157.974,-0.5789999999999994,2026-06-05,83
2026-06-08 08:00:00+00:00,2026-06-14 00:00:00+00:00,6,-1.9540000000000075,157.882,-0.6282857142857178,2026-06-05,83
2026-06-09 08:00:00+00:00,2026-06-15 00:00:00+00:00,6,-1.6499999999999773,157.509,-0.7950000000000079,2026-06-05,83
2026-06-10 08:00:00+00:00,2026-06-16 00:00:00+00:00,6,-1.6499999999999773,157.093,-1.0024285714285703,2026-06-05,83
2026-06-11 08:00:00+00:00,2026-06-17 00:00:00+00:00,6,-1.5829999999999984,156.688,-1.1867142857142876,2026-06-05,83
2026-06-12 08:00:00+00:00,2026-06-18 00:00:00+00:00,6,-1.6100000000000136,156.341,-1.3187142857142846,2026-06-05,83
2026-06-13 08:00:00+00:00,2026-06-19 00:00:00+00:00,6,-1.589999999999975,156.021,-1.4262857142857155,2026-06-05,83
2026-06-14 08:00:00+00:00,2026-06-20 00:00:00+00:00,6,-1.9809999999999943,155.928,-1.4575714285714332,2026-06-05,83
2026-06-15 08:00:00+00:00,2026-06-21 00:00:00+00:00,6,-2.084000000000003,155.859,-1.4815714285714252,2026-06-05,83
2026-06-16 08:00:00+00:00,2026-06-22 00:00:00+00:00,6,-1.7670000000000243,155.443,-1.552285714285708,2026-06-05,83
2026-06-17 08:00:00+00:00,2026-06-23 00:00:00+00:00,6,-1.9339999999999975,155.105,-1.6024285714285735,2026-06-05,83
2026-06-18 08:00:00+00:00,2026-06-24 00:00:00+00:00,6,-2.0490000000000066,154.731,-1.681285714285715,2026-06-05,83
2026-06-19 08:00:00+00:00,2026-06-25 00:00:00+00:00,6,-2.1110000000000184,154.431,-1.7031428571428524,2026-06-05,83
2026-06-20 08:00:00+00:00,2026-06-26 00:00:00+00:00,6,-1.9650000000000032,153.947,-1.7657142857142876,2026-06-05,83
2026-06-21 08:00:00+00:00,2026-06-27 00:00:00+00:00,6,-2.046999999999997,153.775,-1.7995714285714213,2026-06-05,83
2026-06-22 08:00:00+00:00,2026-06-28 00:00:00+00:00,6,-2.0219999999999914,153.676,-1.8025714285714356,2026-06-05,83
2026-06-23 08:00:00+00:00,2026-06-29 00:00:00+00:00,6,-1.5519999999999925,153.171,-1.8591428571428543,2026-06-05,83
2026-06-24 08:00:00+00:00,2026-06-30 00:00:00+00:00,6,-1.2939999999999827,152.682,-1.8904285714285716,2026-06-05,83
2026-06-25 08:00:00+00:00,2026-07-01 00:00:00+00:00,6,-1.1939999999999884,152.32,-1.8719999999999977,2026-06-05,83
2026-06-05 08:00:00+00:00,2026-06-12 00:00:00+00:00,7,-2.063999999999993,158.405,-0.3709999999999951,2026-06-05,82
2026-06-06 08:00:00+00:00,2026-06-13 00:00:00+00:00,7,-2.0460000000000207,158.067,-0.6189999999999998,2026-06-05,82
2026-06-07 08:00:00+00:00,2026-06-14 00:00:00+00:00,7,-2.0459999999999923,157.974,-0.6754999999999993,2026-06-05,82
2026-06-08 08:00:00+00:00,2026-06-15 00:00:00+00:00,7,-2.022999999999996,157.882,-0.7330000000000041,2026-06-05,82
2026-06-09 08:00:00+00:00,2026-06-16 00:00:00+00:00,7,-2.065999999999974,157.509,-0.9275000000000092,2026-06-05,82
2026-06-10 08:00:00+00:00,2026-06-17 00:00:00+00:00,7,-1.9879999999999995,157.093,-1.1694999999999989,2026-06-05,82
2026-06-11 08:00:00+00:00,2026-06-18 00:00:00+00:00,7,-1.9569999999999936,156.688,-1.384500000000002,2026-06-05,82
2026-06-12 08:00:00+00:00,2026-06-19 00:00:00+00:00,7,-1.9099999999999968,156.341,-1.5384999999999989,2026-06-05,82
2026-06-13 08:00:00+00:00,2026-06-20 00:00:00+00:00,7,-2.073999999999984,156.021,-1.6640000000000013,2026-06-05,82
2026-06-14 08:00:00+00:00,2026-06-21 00:00:00+00:00,7,-2.1529999999999916,155.928,-1.7005000000000052,2026-06-05,82
2026-06-15 08:00:00+00:00,2026-06-22 00:00:00+00:00,7,-2.183000000000021,155.859,-1.7284999999999962,2026-06-05,82
2026-06-16 08:00:00+00:00,2026-06-23 00:00:00+00:00,7,-2.27200000000002,155.443,-1.8109999999999928,2026-06-05,82
2026-06-17 08:00:00+00:00,2026-06-24 00:00:00+00:00,7,-2.423000000000002,155.105,-1.8695000000000024,2026-06-05,82
2026-06-18 08:00:00+00:00,2026-06-25 00:00:00+00:00,7,-2.411000000000002,154.731,-1.9615000000000007,2026-06-05,82
2026-06-19 08:00:00+00:00,2026-06-26 00:00:00+00:00,7,-2.4490000000000123,154.431,-1.9869999999999945,2026-06-05,82
2026-06-20 08:00:00+00:00,2026-06-27 00:00:00+00:00,7,-2.218999999999994,153.947,-2.0600000000000023,2026-06-05,82
2026-06-21 08:00:00+00:00,2026-06-28 00:00:00+00:00,7,-2.1210000000000093,153.775,-2.0994999999999915,2026-06-05,82
2026-06-22 08:00:00+00:00,2026-06-29 00:00:00+00:00,7,-2.056999999999988,153.676,-2.103000000000008,2026-06-05,82
2026-06-23 08:00:00+00:00,2026-06-30 00:00:00+00:00,7,-1.782999999999987,153.171,-2.168999999999997,2026-06-05,82
2026-06-24 08:00:00+00:00,2026-07-01 00:00:00+00:00,7,-1.5559999999999832,152.682,-2.2055000000000002,2026-06-05,82
2026-06-25 08:00:00+00:00,2026-07-02 00:00:00+00:00,7,-1.367999999999995,152.32,-2.1839999999999975,2026-06-05,82
2026-06-05 08:00:00+00:00,2026-06-13 00:00:00+00:00,8,-2.3840000000000146,158.405,-0.4239999999999944,2026-06-05,81
2026-06-06 08:00:00+00:00,2026-06-14 00:00:00+00:00,8,-2.13900000000001,158.067,-0.7074285714285712,2026-06-05,81
2026-06-07 08:00:00+00:00,2026-06-15 00:00:00+00:00,8,-2.1149999999999807,157.974,-0.7719999999999992,2026-06-05,81
2026-06-08 08:00:00+00:00,2026-06-16 00:00:00+00:00,8,-2.438999999999993,157.882,-0.8377142857142904,2026-06-05,81
2026-06-09 08:00:00+00:00,2026-06-17 00:00:00+00:00,8,-2.4039999999999964,157.509,-1.0600000000000105,2026-06-05,81
2026-06-10 08:00:00+00:00,2026-06-18 00:00:00+00:00,8,-2.3619999999999948,157.093,-1.3365714285714272,2026-06-05,81
2026-06-11 08:00:00+00:00,2026-06-19 00:00:00+00:00,8,-2.2569999999999766,156.688,-1.5822857142857167,2026-06-05,81
2026-06-12 08:00:00+00:00,2026-06-20 00:00:00+00:00,8,-2.3940000000000055,156.341,-1.758285714285713,2026-06-05,81
2026-06-13 08:00:00+00:00,2026-06-21 00:00:00+00:00,8,-2.245999999999981,156.021,-1.9017142857142872,2026-06-05,81
2026-06-14 08:00:00+00:00,2026-06-22 00:00:00+00:00,8,-2.2520000000000095,155.928,-1.9434285714285775,2026-06-05,81
2026-06-15 08:00:00+00:00,2026-06-23 00:00:00+00:00,8,-2.6880000000000166,155.859,-1.975428571428567,2026-06-05,81
2026-06-16 08:00:00+00:00,2026-06-24 00:00:00+00:00,8,-2.761000000000024,155.443,-2.0697142857142774,2026-06-05,81
2026-06-17 08:00:00+00:00,2026-06-25 00:00:00+00:00,8,-2.7849999999999966,155.105,-2.1365714285714312,2026-06-05,81
2026-06-18 08:00:00+00:00,2026-06-26 00:00:00+00:00,8,-2.7489999999999952,154.731,-2.2417142857142864,2026-06-05,81
2026-06-19 08:00:00+00:00,2026-06-27 00:00:00+00:00,8,-2.703000000000003,154.431,-2.2708571428571367,2026-06-05,81
2026-06-20 08:00:00+00:00,2026-06-28 00:00:00+00:00,8,-2.2930000000000064,153.947,-2.3542857142857168,2026-06-05,81
2026-06-21 08:00:00+00:00,2026-06-29 00:00:00+00:00,8,-2.156000000000006,153.775,-2.3994285714285617,2026-06-05,81
2026-06-22 08:00:00+00:00,2026-06-30 00:00:00+00:00,8,-2.2879999999999825,153.676,-2.403428571428581,2026-06-05,81
2026-06-23 08:00:00+00:00,2026-07-01 00:00:00+00:00,8,-2.0449999999999875,153.171,-2.478857142857139,2026-06-05,81
2026-06-24 08:00:00+00:00,2026-07-02 00:00:00+00:00,8,-1.7299999999999898,152.682,-2.520571428571429,2026-06-05,81
2026-06-25 08:00:00+00:00,2026-07-03 00:00:00+00:00,8,-1.5139999999999816,152.32,-2.495999999999997,2026-06-05,81
2026-06-05 08:00:00+00:00,2026-06-14 00:00:00+00:00,9,-2.477000000000004,158.405,-0.47699999999999365,2026-06-05,80
2026-06-06 08:00:00+00:00,2026-06-15 00:00:00+00:00,9,-2.2079999999999984,158.067,-0.7958571428571426,2026-06-05,80
2026-06-07 08:00:00+00:00,2026-06-16 00:00:00+00:00,9,-2.5309999999999775,157.974,-0.8684999999999992,2026-06-05,80
2026-06-08 08:00:00+00:00,2026-06-17 00:00:00+00:00,9,-2.7770000000000152,157.882,-0.9424285714285767,2026-06-05,80
2026-06-09 08:00:00+00:00,2026-06-18 00:00:00+00:00,9,-2.7779999999999916,157.509,-1.1925000000000119,2026-06-05,80
2026-06-10 08:00:00+00:00,2026-06-19 00:00:00+00:00,9,-2.6619999999999777,157.093,-1.5036428571428555,2026-06-05,80
2026-06-11 08:00:00+00:00,2026-06-20 00:00:00+00:00,9,-2.7409999999999854,156.688,-1.7800714285714314,2026-06-05,80
2026-06-12 08:00:00+00:00,2026-06-21 00:00:00+00:00,9,-2.5660000000000025,156.341,-1.978071428571427,2026-06-05,80
2026-06-13 08:00:00+00:00,2026-06-22 00:00:00+00:00,9,-2.344999999999999,156.021,-2.139428571428573,2026-06-05,80
2026-06-14 08:00:00+00:00,2026-06-23 00:00:00+00:00,9,-2.757000000000005,155.928,-2.1863571428571498,2026-06-05,80
2026-06-15 08:00:00+00:00,2026-06-24 00:00:00+00:00,9,-3.177000000000021,155.859,-2.222357142857138,2026-06-05,80
2026-06-16 08:00:00+00:00,2026-06-25 00:00:00+00:00,9,-3.123000000000019,155.443,-2.328428571428562,2026-06-05,80
2026-06-17 08:00:00+00:00,2026-06-26 00:00:00+00:00,9,-3.1229999999999905,155.105,-2.4036428571428603,2026-06-05,80
2026-06-18 08:00:00+00:00,2026-06-27 00:00:00+00:00,9,-3.002999999999986,154.731,-2.5219285714285724,2026-06-05,80
2026-06-19 08:00:00+00:00,2026-06-28 00:00:00+00:00,9,-2.7770000000000152,154.431,-2.5547142857142786,2026-06-05,80
2026-06-20 08:00:00+00:00,2026-06-29 00:00:00+00:00,9,-2.328000000000003,153.947,-2.6485714285714312,2026-06-05,80
2026-06-21 08:00:00+00:00,2026-06-30 00:00:00+00:00,9,-2.3870000000000005,153.775,-2.699357142857132,2026-06-05,80
2026-06-22 08:00:00+00:00,2026-07-01 00:00:00+00:00,9,-2.549999999999983,153.676,-2.7038571428571534,2026-06-05,80
2026-06-23 08:00:00+00:00,2026-07-02 00:00:00+00:00,9,-2.218999999999994,153.171,-2.7887142857142813,2026-06-05,80
2026-06-24 08:00:00+00:00,2026-07-03 00:00:00+00:00,9,-1.8759999999999764,152.682,-2.8356428571428576,2026-06-05,80
2026-06-25 08:00:00+00:00,2026-07-04 00:00:00+00:00,9,-1.711999999999989,152.32,-2.8079999999999963,2026-06-05,80
2026-06-05 08:00:00+00:00,2026-06-15 00:00:00+00:00,10,-2.5459999999999923,158.405,-0.5299999999999929,2026-06-05,79
2026-06-06 08:00:00+00:00,2026-06-16 00:00:00+00:00,10,-2.6239999999999952,158.067,-0.884285714285714,2026-06-05,79
2026-06-07 08:00:00+00:00,2026-06-17 00:00:00+00:00,10,-2.869,157.974,-0.9649999999999991,2026-06-05,79
2026-06-08 08:00:00+00:00,2026-06-18 00:00:00+00:00,10,-3.1510000000000105,157.882,-1.047142857142863,2026-06-05,79
2026-06-09 08:00:00+00:00,2026-06-19 00:00:00+00:00,10,-3.0779999999999745,157.509,-1.325000000000013,2026-06-05,79
2026-06-10 08:00:00+00:00,2026-06-20 00:00:00+00:00,10,-3.1459999999999866,157.093,-1.670714285714284,2026-06-05,79
2026-06-11 08:00:00+00:00,2026-06-21 00:00:00+00:00,10,-2.9129999999999825,156.688,-1.9778571428571459,2026-06-05,79
2026-06-12 08:00:00+00:00,2026-06-22 00:00:00+00:00,10,-2.6650000000000205,156.341,-2.197857142857141,2026-06-05,79
2026-06-13 08:00:00+00:00,2026-06-23 00:00:00+00:00,10,-2.8499999999999943,156.021,-2.377142857142859,2026-06-05,79
2026-06-14 08:00:00+00:00,2026-06-24 00:00:00+00:00,10,-3.2460000000000093,155.928,-2.429285714285722,2026-06-05,79
2026-06-15 08:00:00+00:00,2026-06-25 00:00:00+00:00,10,-3.5390000000000157,155.859,-2.469285714285709,2026-06-05,79
2026-06-16 08:00:00+00:00,2026-06-26 00:00:00+00:00,10,-3.4610000000000127,155.443,-2.5871428571428465,2026-06-05,79
2026-06-17 08:00:00+00:00,2026-06-27 00:00:00+00:00,10,-3.376999999999981,155.105,-2.670714285714289,2026-06-05,79
2026-06-18 08:00:00+00:00,2026-06-28 00:00:00+00:00,10,-3.076999999999998,154.731,-2.802142857142858,2026-06-05,79
2026-06-19 08:00:00+00:00,2026-06-29 00:00:00+00:00,10,-2.812000000000012,154.431,-2.838571428571421,2026-06-05,79
2026-06-20 08:00:00+00:00,2026-06-30 00:00:00+00:00,10,-2.5589999999999975,153.947,-2.9428571428571457,2026-06-05,79
2026-06-21 08:00:00+00:00,2026-07-01 00:00:00+00:00,10,-2.649000000000001,153.775,-2.999285714285702,2026-06-05,79
2026-06-22 08:00:00+00:00,2026-07-02 00:00:00+00:00,10,-2.7239999999999895,153.676,-3.004285714285726,2026-06-05,79
2026-06-23 08:00:00+00:00,2026-07-03 00:00:00+00:00,10,-2.3649999999999807,153.171,-3.098571428571424,2026-06-05,79
2026-06-24 08:00:00+00:00,2026-07-04 00:00:00+00:00,10,-2.073999999999984,152.682,-3.1507142857142862,2026-06-05,79
2026-06-25 08:00:00+00:00,2026-07-05 00:00:00+00:00,10,-1.7369999999999948,152.32,-3.119999999999996,2026-06-05,79
2026-06-05 08:00:00+00:00,2026-06-16 00:00:00+00:00,11,-2.961999999999989,158.405,-0.5829999999999923,2026-06-05,78
2026-06-06 08:00:00+00:00,2026-06-17 00:00:00+00:00,11,-2.9620000000000175,158.067,-0.9727142857142854,2026-06-05,78
2026-06-07 08:00:00+00:00,2026-06-18 00:00:00+00:00,11,-3.242999999999995,157.974,-1.061499999999999,2026-06-05,78
2026-06-08 08:00:00+00:00,2026-06-19 00:00:00+00:00,11,-3.4509999999999934,157.882,-1.1518571428571494,2026-06-05,78
2026-06-09 08:00:00+00:00,2026-06-20 00:00:00+00:00,11,-3.5619999999999834,157.509,-1.4575000000000145,2026-06-05,78
2026-06-10 08:00:00+00:00,2026-06-21 00:00:00+00:00,11,-3.3179999999999836,157.093,-1.8377857142857124,2026-06-05,78
2026-06-11 08:00:00+00:00,2026-06-22 00:00:00+00:00,11,-3.0120000000000005,156.688,-2.1756428571428605,2026-06-05,78
2026-06-12 08:00:00+00:00,2026-06-23 00:00:00+00:00,11,-3.170000000000016,156.341,-2.417642857142855,2026-06-05,78
2026-06-13 08:00:00+00:00,2026-06-24 00:00:00+00:00,11,-3.338999999999998,156.021,-2.614857142857145,2026-06-05,78
2026-06-14 08:00:00+00:00,2026-06-25 00:00:00+00:00,11,-3.608000000000004,155.928,-2.672214285714294,2026-06-05,78
2026-06-15 08:00:00+00:00,2026-06-26 00:00:00+00:00,11,-3.8770000000000095,155.859,-2.7162142857142797,2026-06-05,78
2026-06-16 08:00:00+00:00,2026-06-27 00:00:00+00:00,11,-3.7150000000000034,155.443,-2.8458571428571315,2026-06-05,78
2026-06-17 08:00:00+00:00,2026-06-28 00:00:00+00:00,11,-3.4509999999999934,155.105,-2.937785714285718,2026-06-05,78
2026-06-18 08:00:00+00:00,2026-06-29 00:00:00+00:00,11,-3.1119999999999948,154.731,-3.082357142857144,2026-06-05,78
2026-06-19 08:00:00+00:00,2026-06-30 00:00:00+00:00,11,-3.0430000000000064,154.431,-3.122428571428563,2026-06-05,78
2026-06-20 08:00:00+00:00,2026-07-01 00:00:00+00:00,11,-2.820999999999998,153.947,-3.2371428571428607,2026-06-05,78
2026-06-21 08:00:00+00:00,2026-07-02 00:00:00+00:00,11,-2.8230000000000075,153.775,-3.2992142857142723,2026-06-05,78
2026-06-22 08:00:00+00:00,2026-07-03 00:00:00+00:00,11,-2.869999999999976,153.676,-3.3047142857142986,2026-06-05,78
2026-06-23 08:00:00+00:00,2026-07-04 00:00:00+00:00,11,-2.562999999999988,153.171,-3.4084285714285665,2026-06-05,78
2026-06-24 08:00:00+00:00,2026-07-05 00:00:00+00:00,11,-2.0989999999999895,152.682,-3.465785714285715,2026-06-05,78
2026-06-25 08:00:00+00:00,2026-07-06 00:00:00+00:00,11,-1.739999999999981,152.32,-3.431999999999996,2026-06-05,78
2026-06-05 08:00:00+00:00,2026-06-17 00:00:00+00:00,12,-3.3000000000000114,158.405,-0.6359999999999916,2026-06-05,77
2026-06-06 08:00:00+00:00,2026-06-18 00:00:00+00:00,12,-3.3360000000000127,158.067,-1.0611428571428567,2026-06-05,77
2026-06-07 08:00:00+00:00,2026-06-19 00:00:00+00:00,12,-3.542999999999978,157.974,-1.1579999999999988,2026-06-05,77
2026-06-08 08:00:00+00:00,2026-06-20 00:00:00+00:00,12,-3.9350000000000023,157.882,-1.2565714285714356,2026-06-05,77
2026-06-09 08:00:00+00:00,2026-06-21 00:00:00+00:00,12,-3.733999999999981,157.509,-1.5900000000000158,2026-06-05,77
2026-06-10 08:00:00+00:00,2026-06-22 00:00:00+00:00,12,-3.4170000000000016,157.093,-2.0048571428571407,2026-06-05,77
2026-06-11 08:00:00+00:00,2026-06-23 00:00:00+00:00,12,-3.516999999999996,156.688,-2.373428571428575,2026-06-05,77
2026-06-12 08:00:00+00:00,2026-06-24 00:00:00+00:00,12,-3.65900000000002,156.341,-2.6374285714285692,2026-06-05,77
2026-06-13 08:00:00+00:00,2026-06-25 00:00:00+00:00,12,-3.7009999999999934,156.021,-2.852571428571431,2026-06-05,77
2026-06-14 08:00:00+00:00,2026-06-26 00:00:00+00:00,12,-3.945999999999998,155.928,-2.9151428571428664,2026-06-05,77
2026-06-15 08:00:00+00:00,2026-06-27 00:00:00+00:00,12,-4.131,155.859,-2.9631428571428504,2026-06-05,77
2026-06-16 08:00:00+00:00,2026-06-28 00:00:00+00:00,12,-3.789000000000016,155.443,-3.104571428571416,2026-06-05,77
2026-06-17 08:00:00+00:00,2026-06-29 00:00:00+00:00,12,-3.48599999999999,155.105,-3.204857142857147,2026-06-05,77
2026-06-18 08:00:00+00:00,2026-06-30 00:00:00+00:00,12,-3.3429999999999893,154.731,-3.36257142857143,2026-06-05,77
2026-06-19 08:00:00+00:00,2026-07-01 00:00:00+00:00,12,-3.305000000000007,154.431,-3.406285714285705,2026-06-05,77
2026-06-20 08:00:00+00:00,2026-07-02 00:00:00+00:00,12,-2.9950000000000045,153.947,-3.531428571428575,2026-06-05,77
2026-06-21 08:00:00+00:00,2026-07-03 00:00:00+00:00,12,-2.968999999999994,153.775,-3.5991428571428425,2026-06-05,77
2026-06-22 08:00:00+00:00,2026-07-04 00:00:00+00:00,12,-3.0679999999999836,153.676,-3.605142857142871,2026-06-05,77
2026-06-23 08:00:00+00:00,2026-07-05 00:00:00+00:00,12,-2.587999999999994,153.171,-3.7182857142857086,2026-06-05,77
2026-06-24 08:00:00+00:00,2026-07-06 00:00:00+00:00,12,-2.101999999999975,152.682,-3.780857142857143,2026-06-05,77
2026-06-25 08:00:00+00:00,2026-07-07 00:00:00+00:00,12,-1.6380000000000052,152.32,-3.7439999999999953,2026-06-05,77
2026-06-05 08:00:00+00:00,2026-06-18 00:00:00+00:00,13,-3.6740000000000066,158.405,-0.6889999999999908,2026-06-05,76
2026-06-06 08:00:00+00:00,2026-06-19 00:00:00+00:00,13,-3.635999999999996,158.067,-1.1495714285714282,2026-06-05,76
2026-06-07 08:00:00+00:00,2026-06-20 00:00:00+00:00,13,-4.026999999999987,157.974,-1.2544999999999988,2026-06-05,76
2026-06-08 08:00:00+00:00,2026-06-21 00:00:00+00:00,13,-4.106999999999999,157.882,-1.361285714285722,2026-06-05,76
2026-06-09 08:00:00+00:00,2026-06-22 00:00:00+00:00,13,-3.8329999999999984,157.509,-1.722500000000017,2026-06-05,76
2026-06-10 08:00:00+00:00,2026-06-23 00:00:00+00:00,13,-3.921999999999997,157.093,-2.171928571428569,2026-06-05,76
2026-06-11 08:00:00+00:00,2026-06-24 00:00:00+00:00,13,-4.006,156.688,-2.57121428571429,2026-06-05,76
2026-06-12 08:00:00+00:00,2026-06-25 00:00:00+00:00,13,-4.021000000000015,156.341,-2.8572142857142833,2026-06-05,76
2026-06-13 08:00:00+00:00,2026-06-26 00:00:00+00:00,13,-4.038999999999987,156.021,-3.090285714285717,2026-06-05,76
2026-06-14 08:00:00+00:00,2026-06-27 00:00:00+00:00,13,-4.199999999999989,155.928,-3.1580714285714384,2026-06-05,76
2026-06-15 08:00:00+00:00,2026-06-28 00:00:00+00:00,13,-4.2050000000000125,155.859,-3.2100714285714216,2026-06-05,76
2026-06-16 08:00:00+00:00,2026-06-29 00:00:00+00:00,13,-3.824000000000012,155.443,-3.3632857142857007,2026-06-05,76
2026-06-17 08:00:00+00:00,2026-06-30 00:00:00+00:00,13,-3.716999999999985,155.105,-3.4719285714285757,2026-06-05,76
2026-06-18 08:00:00+00:00,2026-07-01 00:00:00+00:00,13,-3.6049999999999898,154.731,-3.6427857142857154,2026-06-05,76
2026-06-19 08:00:00+00:00,2026-07-02 00:00:00+00:00,13,-3.4790000000000134,154.431,-3.690142857142847,2026-06-05,76
2026-06-20 08:00:00+00:00,2026-07-03 00:00:00+00:00,13,-3.140999999999991,153.947,-3.8257142857142896,2026-06-05,76
2026-06-21 08:00:00+00:00,2026-07-04 00:00:00+00:00,13,-3.1670000000000016,153.775,-3.8990714285714128,2026-06-05,76
2026-06-22 08:00:00+00:00,2026-07-05 00:00:00+00:00,13,-3.0929999999999893,153.676,-3.905571428571444,2026-06-05,76
2026-06-23 08:00:00+00:00,2026-07-06 00:00:00+00:00,13,-2.59099999999998,153.171,-4.028142857142851,2026-06-05,76
2026-06-24 08:00:00+00:00,2026-07-07 00:00:00+00:00,13,-2.0,152.682,-4.095928571428572,2026-06-05,76
2026-06-25 08:00:00+00:00,2026-07-08 00:00:00+00:00,13,-1.647999999999996,152.32,-4.055999999999995,2026-06-05,76
2026-06-05 08:00:00+00:00,2026-06-19 00:00:00+00:00,14,-3.9739999999999895,158.405,-0.7419999999999902,2026-06-05,75
2026-06-06 08:00:00+00:00,2026-06-20 00:00:00+00:00,14,-4.1200000000000045,158.067,-1.2379999999999995,2026-06-05,75
2026-06-07 08:00:00+00:00,2026-06-21 00:00:00+00:00,14,-4.198999999999984,157.974,-1.3509999999999986,2026-06-05,75
2026-06-08 08:00:00+00:00,2026-06-22 00:00:00+00:00,14,-4.206000000000017,157.882,-1.4660000000000082,2026-06-05,75
2026-06-09 08:00:00+00:00,2026-06-23 00:00:00+00:00,14,-4.337999999999994,157.509,-1.8550000000000184,2026-06-05,75
2026-06-10 08:00:00+00:00,2026-06-24 00:00:00+00:00,14,-4.411000000000001,157.093,-2.3389999999999977,2026-06-05,75
2026-06-11 08:00:00+00:00,2026-06-25 00:00:00+00:00,14,-4.367999999999995,156.688,-2.769000000000004,2026-06-05,75
2026-06-12 08:00:00+00:00,2026-06-26 00:00:00+00:00,14,-4.359000000000009,156.341,-3.0769999999999977,2026-06-05,75
2026-06-13 08:00:00+00:00,2026-06-27 00:00:00+00:00,14,-4.292999999999978,156.021,-3.3280000000000025,2026-06-05,75
2026-06-14 08:00:00+00:00,2026-06-28 00:00:00+00:00,14,-4.274000000000001,155.928,-3.4010000000000105,2026-06-05,75
2026-06-15 08:00:00+00:00,2026-06-29 00:00:00+00:00,14,-4.240000000000009,155.859,-3.4569999999999923,2026-06-05,75
2026-06-16 08:00:00+00:00,2026-06-30 00:00:00+00:00,14,-4.055000000000007,155.443,-3.6219999999999857,2026-06-05,75
2026-06-17 08:00:00+00:00,2026-07-01 00:00:00+00:00,14,-3.978999999999985,155.105,-3.7390000000000048,2026-06-05,75
2026-06-18 08:00:00+00:00,2026-07-02 00:00:00+00:00,14,-3.778999999999997,154.731,-3.9230000000000014,2026-06-05,75
2026-06-19 08:00:00+00:00,2026-07-03 00:00:00+00:00,14,-3.625,154.431,-3.973999999999989,2026-06-05,75
2026-06-20 08:00:00+00:00,2026-07-04 00:00:00+00:00,14,-3.338999999999998,153.947,-4.1200000000000045,2026-06-05,75
2026-06-21 08:00:00+00:00,2026-07-05 00:00:00+00:00,14,-3.1920000000000073,153.775,-4.198999999999983,2026-06-05,75
2026-06-22 08:00:00+00:00,2026-07-06 00:00:00+00:00,14,-3.095999999999975,153.676,-4.206000000000016,2026-06-05,75
2026-06-23 08:00:00+00:00,2026-07-07 00:00:00+00:00,14,-2.4890000000000043,153.171,-4.337999999999994,2026-06-05,75
2026-06-24 08:00:00+00:00,2026-07-08 00:00:00+00:00,14,-2.009999999999991,152.682,-4.4110000000000005,2026-06-05,75
2026-06-25 08:00:00+00:00,2026-07-09 00:00:00+00:00,14,-1.617999999999995,152.32,-4.367999999999995,2026-06-05,75
2026-06-26 08:00:00+00:00,2026-06-27 00:00:00+00:00,1,-0.2539999999999907,151.982,-0.3113571428571435,2026-06-26,109
2026-06-27 08:00:00+00:00,2026-06-28 00:00:00+00:00,1,-0.0740000000000122,151.728,-0.3066428571428555,2026-06-26,109
2026-06-28 08:00:00+00:00,2026-06-29 00:00:00+00:00,1,-0.0349999999999965,151.654,-0.3052857142857143,2026-06-26,109
2026-06-29 08:00:00+00:00,2026-06-30 00:00:00+00:00,1,-0.2309999999999945,151.619,-0.3028571428571435,2026-06-26,109
2026-06-30 08:00:00+00:00,2026-07-01 00:00:00+00:00,1,-0.2620000000000004,151.388,-0.2896428571428576,2026-06-26,109
2026-07-01 08:00:00+00:00,2026-07-02 00:00:00+00:00,1,-0.1740000000000066,151.126,-0.2842142857142846,2026-06-26,109
2026-07-02 08:00:00+00:00,2026-07-03 00:00:00+00:00,1,-0.1459999999999865,150.952,-0.2699285714285712,2026-06-26,109
2026-07-03 08:00:00+00:00,2026-07-04 00:00:00+00:00,1,-0.1980000000000075,150.806,-0.2589285714285714,2026-06-26,109
2026-07-04 08:00:00+00:00,2026-07-05 00:00:00+00:00,1,-0.0250000000000056,150.608,-0.2384999999999999,2026-06-26,109
2026-07-05 08:00:00+00:00,2026-07-06 00:00:00+00:00,1,-0.0029999999999859,150.583,-0.2280000000000005,2026-06-26,109
2026-07-06 08:00:00+00:00,2026-07-07 00:00:00+00:00,1,0.1019999999999754,150.58,-0.2211428571428553,2026-06-26,109
2026-07-07 08:00:00+00:00,2026-07-08 00:00:00+00:00,1,-0.0099999999999909,150.682,-0.1777857142857146,2026-06-26,109
2026-07-08 08:00:00+00:00,2026-07-09 00:00:00+00:00,1,0.0300000000000011,150.672,-0.1435714285714279,2026-06-26,109
2026-07-09 08:00:00+00:00,2026-07-10 00:00:00+00:00,1,0.1589999999999918,150.702,-0.1155714285714282,2026-06-26,109
2026-07-10 08:00:00+00:00,2026-07-11 00:00:00+00:00,1,0.2180000000000177,150.861,-0.0800714285714292,2026-06-26,109
2026-07-11 08:00:00+00:00,2026-07-12 00:00:00+00:00,1,0.0379999999999824,151.079,-0.0463571428571429,2026-06-26,109
2026-07-12 08:00:00+00:00,2026-07-13 00:00:00+00:00,1,0.0490000000000065,151.117,-0.0383571428571433,2026-06-26,109
2026-07-13 08:00:00+00:00,2026-07-14 00:00:00+00:00,1,0.164999999999992,151.166,-0.032357142857143,2026-06-26,109
2026-07-14 08:00:00+00:00,2026-07-15 00:00:00+00:00,1,0.3990000000000009,151.331,-0.0040714285714297,2026-06-26,109
2026-07-15 08:00:00+00:00,2026-07-16 00:00:00+00:00,1,0.4150000000000204,151.73,0.043142857142856,2026-06-26,109
2026-07-16 08:00:00+00:00,2026-07-17 00:00:00+00:00,1,0.3389999999999986,152.145,0.0852142857142865,2026-06-26,109
2026-07-17 08:00:00+00:00,2026-07-18 00:00:00+00:00,1,0.6279999999999859,152.484,0.1198571428571426,2026-06-26,109
2026-07-18 08:00:00+00:00,2026-07-19 00:00:00+00:00,1,0.1839999999999975,153.112,0.1788571428571422,2026-06-26,109
2026-06-26 08:00:00+00:00,2026-06-28 00:00:00+00:00,2,-0.3280000000000029,151.982,-0.622714285714287,2026-06-26,108
2026-06-27 08:00:00+00:00,2026-06-29 00:00:00+00:00,2,-0.1090000000000088,151.728,-0.613285714285711,2026-06-26,108
2026-06-28 08:00:00+00:00,2026-06-30 00:00:00+00:00,2,-0.2659999999999911,151.654,-0.6105714285714287,2026-06-26,108
2026-06-29 08:00:00+00:00,2026-07-01 00:00:00+00:00,2,-0.492999999999995,151.619,-0.605714285714287,2026-06-26,108
2026-06-30 08:00:00+00:00,2026-07-02 00:00:00+00:00,2,-0.436000000000007,151.388,-0.5792857142857152,2026-06-26,108
2026-07-01 08:00:00+00:00,2026-07-03 00:00:00+00:00,2,-0.3199999999999932,151.126,-0.5684285714285692,2026-06-26,108
2026-07-02 08:00:00+00:00,2026-07-04 00:00:00+00:00,2,-0.3439999999999941,150.952,-0.5398571428571424,2026-06-26,108
2026-07-03 08:00:00+00:00,2026-07-05 00:00:00+00:00,2,-0.2230000000000132,150.806,-0.5178571428571428,2026-06-26,108
2026-07-04 08:00:00+00:00,2026-07-06 00:00:00+00:00,2,-0.0279999999999915,150.608,-0.4769999999999998,2026-06-26,108
2026-07-05 08:00:00+00:00,2026-07-07 00:00:00+00:00,2,0.0989999999999895,150.583,-0.456000000000001,2026-06-26,108
2026-07-06 08:00:00+00:00,2026-07-08 00:00:00+00:00,2,0.0919999999999845,150.58,-0.4422857142857106,2026-06-26,108
2026-07-07 08:00:00+00:00,2026-07-09 00:00:00+00:00,2,0.0200000000000102,150.682,-0.3555714285714292,2026-06-26,108
2026-07-08 08:00:00+00:00,2026-07-10 00:00:00+00:00,2,0.1889999999999929,150.672,-0.2871428571428558,2026-06-26,108
2026-07-09 08:00:00+00:00,2026-07-11 00:00:00+00:00,2,0.3770000000000095,150.702,-0.2311428571428564,2026-06-26,108
2026-07-10 08:00:00+00:00,2026-07-12 00:00:00+00:00,2,0.2560000000000002,150.861,-0.1601428571428584,2026-06-26,108
2026-07-11 08:00:00+00:00,2026-07-13 00:00:00+00:00,2,0.086999999999989,151.079,-0.0927142857142858,2026-06-26,108
2026-07-12 08:00:00+00:00,2026-07-14 00:00:00+00:00,2,0.2139999999999986,151.117,-0.0767142857142866,2026-06-26,108
2026-07-13 08:00:00+00:00,2026-07-15 00:00:00+00:00,2,0.563999999999993,151.166,-0.064714285714286,2026-06-26,108
2026-07-14 08:00:00+00:00,2026-07-16 00:00:00+00:00,2,0.8140000000000214,151.331,-0.0081428571428594,2026-06-26,108
2026-07-15 08:00:00+00:00,2026-07-17 00:00:00+00:00,2,0.7540000000000191,151.73,0.086285714285712,2026-06-26,108
2026-07-16 08:00:00+00:00,2026-07-18 00:00:00+00:00,2,0.9669999999999844,152.145,0.170428571428573,2026-06-26,108
2026-07-17 08:00:00+00:00,2026-07-19 00:00:00+00:00,2,0.8119999999999834,152.484,0.2397142857142852,2026-06-26,108
2026-06-26 08:00:00+00:00,2026-06-29 00:00:00+00:00,3,-0.3629999999999995,151.982,-0.9340714285714304,2026-06-26,107
2026-06-27 08:00:00+00:00,2026-06-30 00:00:00+00:00,3,-0.3400000000000034,151.728,-0.9199285714285665,2026-06-26,107
2026-06-28 08:00:00+00:00,2026-07-01 00:00:00+00:00,3,-0.5279999999999916,151.654,-0.9158571428571429,2026-06-26,107
2026-06-29 08:00:00+00:00,2026-07-02 00:00:00+00:00,3,-0.6670000000000016,151.619,-0.9085714285714305,2026-06-26,107
2026-06-30 08:00:00+00:00,2026-07-03 00:00:00+00:00,3,-0.5819999999999936,151.388,-0.8689285714285728,2026-06-26,107
2026-07-01 08:00:00+00:00,2026-07-04 00:00:00+00:00,3,-0.5180000000000007,151.126,-0.8526428571428537,2026-06-26,107
2026-07-02 08:00:00+00:00,2026-07-05 00:00:00+00:00,3,-0.3689999999999998,150.952,-0.8097857142857136,2026-06-26,107
2026-07-03 08:00:00+00:00,2026-07-06 00:00:00+00:00,3,-0.2259999999999991,150.806,-0.7767857142857142,2026-06-26,107
2026-07-04 08:00:00+00:00,2026-07-07 00:00:00+00:00,3,0.0739999999999838,150.608,-0.7154999999999997,2026-06-26,107
2026-07-05 08:00:00+00:00,2026-07-08 00:00:00+00:00,3,0.0889999999999986,150.583,-0.6840000000000015,2026-06-26,107
2026-07-06 08:00:00+00:00,2026-07-09 00:00:00+00:00,3,0.1219999999999856,150.58,-0.6634285714285659,2026-06-26,107
2026-07-07 08:00:00+00:00,2026-07-10 00:00:00+00:00,3,0.179000000000002,150.682,-0.5333571428571438,2026-06-26,107
2026-07-08 08:00:00+00:00,2026-07-11 00:00:00+00:00,3,0.4070000000000107,150.672,-0.4307142857142837,2026-06-26,107
2026-07-09 08:00:00+00:00,2026-07-12 00:00:00+00:00,3,0.414999999999992,150.702,-0.3467142857142846,2026-06-26,107
2026-07-10 08:00:00+00:00,2026-07-13 00:00:00+00:00,3,0.3050000000000068,150.861,-0.2402142857142876,2026-06-26,107
2026-07-11 08:00:00+00:00,2026-07-14 00:00:00+00:00,3,0.2519999999999811,151.079,-0.1390714285714287,2026-06-26,107
2026-07-12 08:00:00+00:00,2026-07-15 00:00:00+00:00,3,0.6129999999999995,151.117,-0.11507142857142989,2026-06-26,107
2026-07-13 08:00:00+00:00,2026-07-16 00:00:00+00:00,3,0.9790000000000134,151.166,-0.097071428571429,2026-06-26,107
2026-07-14 08:00:00+00:00,2026-07-17 00:00:00+00:00,3,1.15300000000002,151.331,-0.012214285714289098,2026-06-26,107
2026-07-15 08:00:00+00:00,2026-07-18 00:00:00+00:00,3,1.382000000000005,151.73,0.129428571428568,2026-06-26,107
2026-07-16 08:00:00+00:00,2026-07-19 00:00:00+00:00,3,1.150999999999982,152.145,0.2556428571428595,2026-06-26,107
2026-06-26 08:00:00+00:00,2026-06-30 00:00:00+00:00,4,-0.5939999999999941,151.982,-1.245428571428574,2026-06-26,106
2026-06-27 08:00:00+00:00,2026-07-01 00:00:00+00:00,4,-0.6020000000000039,151.728,-1.226571428571422,2026-06-26,106
2026-06-28 08:00:00+00:00,2026-07-02 00:00:00+00:00,4,-0.7019999999999982,151.654,-1.2211428571428573,2026-06-26,106
2026-06-29 08:00:00+00:00,2026-07-03 00:00:00+00:00,4,-0.8129999999999882,151.619,-1.211428571428574,2026-06-26,106
2026-06-30 08:00:00+00:00,2026-07-04 00:00:00+00:00,4,-0.7800000000000011,151.388,-1.1585714285714304,2026-06-26,106
2026-07-01 08:00:00+00:00,2026-07-05 00:00:00+00:00,4,-0.5430000000000064,151.126,-1.1368571428571383,2026-06-26,106
2026-07-02 08:00:00+00:00,2026-07-06 00:00:00+00:00,4,-0.3719999999999857,150.952,-1.0797142857142847,2026-06-26,106
2026-07-03 08:00:00+00:00,2026-07-07 00:00:00+00:00,4,-0.1240000000000236,150.806,-1.0357142857142856,2026-06-26,106
2026-07-04 08:00:00+00:00,2026-07-08 00:00:00+00:00,4,0.0639999999999929,150.608,-0.9539999999999996,2026-06-26,106
2026-07-05 08:00:00+00:00,2026-07-09 00:00:00+00:00,4,0.1189999999999997,150.583,-0.912000000000002,2026-06-26,106
2026-07-06 08:00:00+00:00,2026-07-10 00:00:00+00:00,4,0.2809999999999775,150.58,-0.8845714285714212,2026-06-26,106
2026-07-07 08:00:00+00:00,2026-07-11 00:00:00+00:00,4,0.3970000000000198,150.682,-0.7111428571428584,2026-06-26,106
2026-07-08 08:00:00+00:00,2026-07-12 00:00:00+00:00,4,0.4449999999999932,150.672,-0.5742857142857116,2026-06-26,106
2026-07-09 08:00:00+00:00,2026-07-13 00:00:00+00:00,4,0.4639999999999986,150.702,-0.4622857142857128,2026-06-26,106
2026-07-10 08:00:00+00:00,2026-07-14 00:00:00+00:00,4,0.4699999999999988,150.861,-0.3202857142857168,2026-06-26,106
2026-07-11 08:00:00+00:00,2026-07-15 00:00:00+00:00,4,0.650999999999982,151.079,-0.1854285714285716,2026-06-26,106
2026-07-12 08:00:00+00:00,2026-07-16 00:00:00+00:00,4,1.02800000000002,151.117,-0.1534285714285732,2026-06-26,106
2026-07-13 08:00:00+00:00,2026-07-17 00:00:00+00:00,4,1.318000000000012,151.166,-0.129428571428572,2026-06-26,106
2026-07-14 08:00:00+00:00,2026-07-18 00:00:00+00:00,4,1.781000000000006,151.331,-0.0162857142857188,2026-06-26,106
2026-07-15 08:00:00+00:00,2026-07-19 00:00:00+00:00,4,1.5660000000000025,151.73,0.172571428571424,2026-06-26,106
2026-06-26 08:00:00+00:00,2026-07-01 00:00:00+00:00,5,-0.8559999999999945,151.982,-1.5567857142857175,2026-06-26,105
2026-06-27 08:00:00+00:00,2026-07-02 00:00:00+00:00,5,-0.7760000000000105,151.728,-1.5332142857142774,2026-06-26,105
2026-06-28 08:00:00+00:00,2026-07-03 00:00:00+00:00,5,-0.8479999999999848,151.654,-1.5264285714285717,2026-06-26,105
2026-06-29 08:00:00+00:00,2026-07-04 00:00:00+00:00,5,-1.0109999999999957,151.619,-1.5142857142857173,2026-06-26,105
2026-06-30 08:00:00+00:00,2026-07-05 00:00:00+00:00,5,-0.8050000000000068,151.388,-1.448214285714288,2026-06-26,105
2026-07-01 08:00:00+00:00,2026-07-06 00:00:00+00:00,5,-0.5459999999999923,151.126,-1.421071428571423,2026-06-26,105
2026-07-02 08:00:00+00:00,2026-07-07 00:00:00+00:00,5,-0.2700000000000102,150.952,-1.349642857142856,2026-06-26,105
2026-07-03 08:00:00+00:00,2026-07-08 00:00:00+00:00,5,-0.1340000000000145,150.806,-1.294642857142857,2026-06-26,105
2026-07-04 08:00:00+00:00,2026-07-09 00:00:00+00:00,5,0.093999999999994,150.608,-1.1924999999999994,2026-06-26,105
2026-07-05 08:00:00+00:00,2026-07-10 00:00:00+00:00,5,0.2779999999999916,150.583,-1.1400000000000026,2026-06-26,105
2026-07-06 08:00:00+00:00,2026-07-11 00:00:00+00:00,5,0.4989999999999952,150.58,-1.1057142857142765,2026-06-26,105
2026-07-07 08:00:00+00:00,2026-07-12 00:00:00+00:00,5,0.4350000000000023,150.682,-0.8889285714285731,2026-06-26,105
2026-07-08 08:00:00+00:00,2026-07-13 00:00:00+00:00,5,0.4939999999999998,150.672,-0.7178571428571395,2026-06-26,105
2026-07-09 08:00:00+00:00,2026-07-14 00:00:00+00:00,5,0.6289999999999907,150.702,-0.577857142857141,2026-06-26,105
2026-07-10 08:00:00+00:00,2026-07-15 00:00:00+00:00,5,0.8689999999999998,150.861,-0.40035714285714596,2026-06-26,105
2026-07-11 08:00:00+00:00,2026-07-16 00:00:00+00:00,5,1.0660000000000025,151.079,-0.2317857142857145,2026-06-26,105
2026-07-12 08:00:00+00:00,2026-07-17 00:00:00+00:00,5,1.3670000000000186,151.117,-0.1917857142857165,2026-06-26,105
2026-07-13 08:00:00+00:00,2026-07-18 00:00:00+00:00,5,1.945999999999998,151.166,-0.161785714285715,2026-06-26,105
2026-07-14 08:00:00+00:00,2026-07-19 00:00:00+00:00,5,1.9650000000000032,151.331,-0.0203571428571485,2026-06-26,105
2026-06-26 08:00:00+00:00,2026-07-02 00:00:00+00:00,6,-1.0300000000000011,151.982,-1.8681428571428609,2026-06-26,104
2026-06-27 08:00:00+00:00,2026-07-03 00:00:00+00:00,6,-0.921999999999997,151.728,-1.839857142857133,2026-06-26,104
2026-06-28 08:00:00+00:00,2026-07-04 00:00:00+00:00,6,-1.0459999999999925,151.654,-1.8317142857142859,2026-06-26,104
2026-06-29 08:00:00+00:00,2026-07-05 00:00:00+00:00,6,-1.0360000000000014,151.619,-1.817142857142861,2026-06-26,104
2026-06-30 08:00:00+00:00,2026-07-06 00:00:00+00:00,6,-0.8079999999999927,151.388,-1.7378571428571457,2026-06-26,104
2026-07-01 08:00:00+00:00,2026-07-07 00:00:00+00:00,6,-0.4440000000000168,151.126,-1.7052857142857074,2026-06-26,104
2026-07-02 08:00:00+00:00,2026-07-08 00:00:00+00:00,6,-0.2800000000000011,150.952,-1.619571428571427,2026-06-26,104
2026-07-03 08:00:00+00:00,2026-07-09 00:00:00+00:00,6,-0.1040000000000134,150.806,-1.5535714285714284,2026-06-26,104
2026-07-04 08:00:00+00:00,2026-07-10 00:00:00+00:00,6,0.2529999999999859,150.608,-1.4309999999999994,2026-06-26,104
2026-07-05 08:00:00+00:00,2026-07-11 00:00:00+00:00,6,0.4960000000000093,150.583,-1.368000000000003,2026-06-26,104
2026-07-06 08:00:00+00:00,2026-07-12 00:00:00+00:00,6,0.5369999999999777,150.58,-1.3268571428571319,2026-06-26,104
2026-07-07 08:00:00+00:00,2026-07-13 00:00:00+00:00,6,0.4840000000000088,150.682,-1.0667142857142875,2026-06-26,104
2026-07-08 08:00:00+00:00,2026-07-14 00:00:00+00:00,6,0.6589999999999918,150.672,-0.8614285714285674,2026-06-26,104
2026-07-09 08:00:00+00:00,2026-07-15 00:00:00+00:00,6,1.0279999999999916,150.702,-0.6934285714285692,2026-06-26,104
2026-07-10 08:00:00+00:00,2026-07-16 00:00:00+00:00,6,1.2840000000000202,150.861,-0.4804285714285752,2026-06-26,104
2026-07-11 08:00:00+00:00,2026-07-17 00:00:00+00:00,6,1.4050000000000011,151.079,-0.2781428571428574,2026-06-26,104
2026-07-12 08:00:00+00:00,2026-07-18 00:00:00+00:00,6,1.9950000000000043,151.117,-0.23014285714285979,2026-06-26,104
2026-07-13 08:00:00+00:00,2026-07-19 00:00:00+00:00,6,2.1299999999999955,151.166,-0.194142857142858,2026-06-26,104
2026-06-26 08:00:00+00:00,2026-07-03 00:00:00+00:00,7,-1.1759999999999875,151.982,-2.1795000000000044,2026-06-26,103
2026-06-27 08:00:00+00:00,2026-07-04 00:00:00+00:00,7,-1.1200000000000043,151.728,-2.1464999999999885,2026-06-26,103
2026-06-28 08:00:00+00:00,2026-07-05 00:00:00+00:00,7,-1.070999999999998,151.654,-2.1370000000000005,2026-06-26,103
2026-06-29 08:00:00+00:00,2026-07-06 00:00:00+00:00,7,-1.0389999999999873,151.619,-2.1200000000000045,2026-06-26,103
2026-06-30 08:00:00+00:00,2026-07-07 00:00:00+00:00,7,-0.7060000000000173,151.388,-2.027500000000003,2026-06-26,103
2026-07-01 08:00:00+00:00,2026-07-08 00:00:00+00:00,7,-0.4540000000000077,151.126,-1.989499999999992,2026-06-26,103
2026-07-02 08:00:00+00:00,2026-07-09 00:00:00+00:00,7,-0.25,150.952,-1.8894999999999982,2026-06-26,103
2026-07-03 08:00:00+00:00,2026-07-10 00:00:00+00:00,7,0.0549999999999784,150.806,-1.8124999999999998,2026-06-26,103
2026-07-04 08:00:00+00:00,2026-07-11 00:00:00+00:00,7,0.4710000000000036,150.608,-1.6694999999999993,2026-06-26,103
2026-07-05 08:00:00+00:00,2026-07-12 00:00:00+00:00,7,0.5339999999999918,150.583,-1.5960000000000036,2026-06-26,103
2026-07-06 08:00:00+00:00,2026-07-13 00:00:00+00:00,7,0.5859999999999843,150.58,-1.5479999999999872,2026-06-26,103
2026-07-07 08:00:00+00:00,2026-07-14 00:00:00+00:00,7,0.6490000000000009,150.682,-1.2445000000000022,2026-06-26,103
2026-07-08 08:00:00+00:00,2026-07-15 00:00:00+00:00,7,1.0579999999999927,150.672,-1.0049999999999955,2026-06-26,103
2026-07-09 08:00:00+00:00,2026-07-16 00:00:00+00:00,7,1.443000000000012,150.702,-0.8089999999999974,2026-06-26,103
2026-07-10 08:00:00+00:00,2026-07-17 00:00:00+00:00,7,1.6230000000000189,150.861,-0.5605000000000043,2026-06-26,103
2026-07-11 08:00:00+00:00,2026-07-18 00:00:00+00:00,7,2.032999999999987,151.079,-0.32450000000000034,2026-06-26,103
2026-07-12 08:00:00+00:00,2026-07-19 00:00:00+00:00,7,2.179000000000002,151.117,-0.26850000000000307,2026-06-26,103
2026-06-26 08:00:00+00:00,2026-07-04 00:00:00+00:00,8,-1.3739999999999952,151.982,-2.490857142857148,2026-06-26,102
2026-06-27 08:00:00+00:00,2026-07-05 00:00:00+00:00,8,-1.1450000000000102,151.728,-2.453142857142844,2026-06-26,102
2026-06-28 08:00:00+00:00,2026-07-06 00:00:00+00:00,8,-1.073999999999984,151.654,-2.4422857142857146,2026-06-26,102
2026-06-29 08:00:00+00:00,2026-07-07 00:00:00+00:00,8,-0.9370000000000118,151.619,-2.422857142857148,2026-06-26,102
2026-06-30 08:00:00+00:00,2026-07-08 00:00:00+00:00,8,-0.7160000000000082,151.388,-2.3171428571428607,2026-06-26,102
2026-07-01 08:00:00+00:00,2026-07-09 00:00:00+00:00,8,-0.4240000000000066,151.126,-2.2737142857142767,2026-06-26,102
2026-07-02 08:00:00+00:00,2026-07-10 00:00:00+00:00,8,-0.0910000000000081,150.952,-2.1594285714285695,2026-06-26,102
2026-07-03 08:00:00+00:00,2026-07-11 00:00:00+00:00,8,0.2729999999999961,150.806,-2.071428571428571,2026-06-26,102
2026-07-04 08:00:00+00:00,2026-07-12 00:00:00+00:00,8,0.5089999999999861,150.608,-1.9079999999999993,2026-06-26,102
2026-07-05 08:00:00+00:00,2026-07-13 00:00:00+00:00,8,0.5829999999999984,150.583,-1.824000000000004,2026-06-26,102
2026-07-06 08:00:00+00:00,2026-07-14 00:00:00+00:00,8,0.7509999999999764,150.58,-1.7691428571428425,2026-06-26,102
2026-07-07 08:00:00+00:00,2026-07-15 00:00:00+00:00,8,1.0480000000000018,150.682,-1.4222857142857168,2026-06-26,102
2026-07-08 08:00:00+00:00,2026-07-16 00:00:00+00:00,8,1.4730000000000132,150.672,-1.1485714285714232,2026-06-26,102
2026-07-09 08:00:00+00:00,2026-07-17 00:00:00+00:00,8,1.782000000000011,150.702,-0.9245714285714256,2026-06-26,102
2026-07-10 08:00:00+00:00,2026-07-18 00:00:00+00:00,8,2.2510000000000048,150.861,-0.6405714285714336,2026-06-26,102
2026-07-11 08:00:00+00:00,2026-07-19 00:00:00+00:00,8,2.2169999999999845,151.079,-0.3708571428571432,2026-06-26,102
2026-06-26 08:00:00+00:00,2026-07-05 00:00:00+00:00,9,-1.399000000000001,151.982,-2.8022142857142915,2026-06-26,101
2026-06-27 08:00:00+00:00,2026-07-06 00:00:00+00:00,9,-1.147999999999996,151.728,-2.7597857142856994,2026-06-26,101
2026-06-28 08:00:00+00:00,2026-07-07 00:00:00+00:00,9,-0.9720000000000084,151.654,-2.7475714285714288,2026-06-26,101
2026-06-29 08:00:00+00:00,2026-07-08 00:00:00+00:00,9,-0.9470000000000028,151.619,-2.7257142857142913,2026-06-26,101
2026-06-30 08:00:00+00:00,2026-07-09 00:00:00+00:00,9,-0.686000000000007,151.388,-2.6067857142857185,2026-06-26,101
2026-07-01 08:00:00+00:00,2026-07-10 00:00:00+00:00,9,-0.2650000000000148,151.126,-2.5579285714285613,2026-06-26,101
2026-07-02 08:00:00+00:00,2026-07-11 00:00:00+00:00,9,0.1270000000000095,150.952,-2.4293571428571408,2026-06-26,101
2026-07-03 08:00:00+00:00,2026-07-12 00:00:00+00:00,9,0.3109999999999786,150.806,-2.3303571428571423,2026-06-26,101
2026-07-04 08:00:00+00:00,2026-07-13 00:00:00+00:00,9,0.5579999999999927,150.608,-2.146499999999999,2026-06-26,101
2026-07-05 08:00:00+00:00,2026-07-14 00:00:00+00:00,9,0.7479999999999905,150.583,-2.0520000000000045,2026-06-26,101
2026-07-06 08:00:00+00:00,2026-07-15 00:00:00+00:00,9,1.1499999999999773,150.58,-1.9902857142856978,2026-06-26,101
2026-07-07 08:00:00+00:00,2026-07-16 00:00:00+00:00,9,1.4630000000000225,150.682,-1.6000714285714315,2026-06-26,101
2026-07-08 08:00:00+00:00,2026-07-17 00:00:00+00:00,9,1.812000000000012,150.672,-1.292142857142851,2026-06-26,101
2026-07-09 08:00:00+00:00,2026-07-18 00:00:00+00:00,9,2.4099999999999966,150.702,-1.0401428571428537,2026-06-26,101
2026-07-10 08:00:00+00:00,2026-07-19 00:00:00+00:00,9,2.4350000000000023,150.861,-0.7206428571428628,2026-06-26,101
2026-06-26 08:00:00+00:00,2026-07-06 00:00:00+00:00,10,-1.4019999999999868,151.982,-3.113571428571435,2026-06-26,100
2026-06-27 08:00:00+00:00,2026-07-07 00:00:00+00:00,10,-1.0460000000000207,151.728,-3.066428571428555,2026-06-26,100
2026-06-28 08:00:00+00:00,2026-07-08 00:00:00+00:00,10,-0.9819999999999992,151.654,-3.0528571428571434,2026-06-26,100
2026-06-29 08:00:00+00:00,2026-07-09 00:00:00+00:00,10,-0.9170000000000016,151.619,-3.0285714285714347,2026-06-26,100
2026-06-30 08:00:00+00:00,2026-07-10 00:00:00+00:00,10,-0.5270000000000152,151.388,-2.896428571428576,2026-06-26,100
2026-07-01 08:00:00+00:00,2026-07-11 00:00:00+00:00,10,-0.046999999999997,151.126,-2.842142857142846,2026-06-26,100
2026-07-02 08:00:00+00:00,2026-07-12 00:00:00+00:00,10,0.164999999999992,150.952,-2.699285714285712,2026-06-26,100
2026-07-03 08:00:00+00:00,2026-07-13 00:00:00+00:00,10,0.3599999999999852,150.806,-2.589285714285714,2026-06-26,100
2026-07-04 08:00:00+00:00,2026-07-14 00:00:00+00:00,10,0.7229999999999848,150.608,-2.384999999999999,2026-06-26,100
2026-07-05 08:00:00+00:00,2026-07-15 00:00:00+00:00,10,1.1469999999999914,150.583,-2.280000000000005,2026-06-26,100
2026-07-06 08:00:00+00:00,2026-07-16 00:00:00+00:00,10,1.5649999999999975,150.58,-2.211428571428553,2026-06-26,100
2026-07-07 08:00:00+00:00,2026-07-17 00:00:00+00:00,10,1.802000000000021,150.682,-1.7778571428571461,2026-06-26,100
2026-07-08 08:00:00+00:00,2026-07-18 00:00:00+00:00,10,2.4399999999999977,150.672,-1.435714285714279,2026-06-26,100
2026-07-09 08:00:00+00:00,2026-07-19 00:00:00+00:00,10,2.593999999999994,150.702,-1.155714285714282,2026-06-26,100
2026-06-26 08:00:00+00:00,2026-07-07 00:00:00+00:00,11,-1.3000000000000114,151.982,-3.4249285714285786,2026-06-26,99
2026-06-27 08:00:00+00:00,2026-07-08 00:00:00+00:00,11,-1.0560000000000116,151.728,-3.3730714285714103,2026-06-26,99
2026-06-28 08:00:00+00:00,2026-07-09 00:00:00+00:00,11,-0.9519999999999982,151.654,-3.3581428571428575,2026-06-26,99
2026-06-29 08:00:00+00:00,2026-07-10 00:00:00+00:00,11,-0.7580000000000098,151.619,-3.3314285714285785,2026-06-26,99
2026-06-30 08:00:00+00:00,2026-07-11 00:00:00+00:00,11,-0.3089999999999975,151.388,-3.1860714285714336,2026-06-26,99
2026-07-01 08:00:00+00:00,2026-07-12 00:00:00+00:00,11,-0.0090000000000145,151.126,-3.1263571428571306,2026-06-26,99
2026-07-02 08:00:00+00:00,2026-07-13 00:00:00+00:00,11,0.2139999999999986,150.952,-2.969214285714283,2026-06-26,99
2026-07-03 08:00:00+00:00,2026-07-14 00:00:00+00:00,11,0.5249999999999773,150.806,-2.8482142857142856,2026-06-26,99
2026-07-04 08:00:00+00:00,2026-07-15 00:00:00+00:00,11,1.1219999999999857,150.608,-2.623499999999999,2026-06-26,99
2026-07-05 08:00:00+00:00,2026-07-16 00:00:00+00:00,11,1.5620000000000118,150.583,-2.508000000000006,2026-06-26,99
2026-07-06 08:00:00+00:00,2026-07-17 00:00:00+00:00,11,1.9039999999999964,150.58,-2.4325714285714084,2026-06-26,99
2026-07-07 08:00:00+00:00,2026-07-18 00:00:00+00:00,11,2.430000000000007,150.682,-1.9556428571428606,2026-06-26,99
2026-07-08 08:00:00+00:00,2026-07-19 00:00:00+00:00,11,2.6239999999999952,150.672,-1.579285714285707,2026-06-26,99
2026-06-26 08:00:00+00:00,2026-07-08 00:00:00+00:00,12,-1.3100000000000025,151.982,-3.7362857142857218,2026-06-26,98
2026-06-27 08:00:00+00:00,2026-07-09 00:00:00+00:00,12,-1.0260000000000105,151.728,-3.679714285714266,2026-06-26,98
2026-06-28 08:00:00+00:00,2026-07-10 00:00:00+00:00,12,-0.7930000000000064,151.654,-3.6634285714285717,2026-06-26,98
2026-06-29 08:00:00+00:00,2026-07-11 00:00:00+00:00,12,-0.539999999999992,151.619,-3.634285714285722,2026-06-26,98
2026-06-30 08:00:00+00:00,2026-07-12 00:00:00+00:00,12,-0.271000000000015,151.388,-3.4757142857142913,2026-06-26,98
2026-07-01 08:00:00+00:00,2026-07-13 00:00:00+00:00,12,0.039999999999992,151.126,-3.410571428571415,2026-06-26,98
2026-07-02 08:00:00+00:00,2026-07-14 00:00:00+00:00,12,0.3789999999999907,150.952,-3.239142857142854,2026-06-26,98
2026-07-03 08:00:00+00:00,2026-07-15 00:00:00+00:00,12,0.9239999999999782,150.806,-3.1071428571428568,2026-06-26,98
2026-07-04 08:00:00+00:00,2026-07-16 00:00:00+00:00,12,1.537000000000006,150.608,-2.8619999999999988,2026-06-26,98
2026-07-05 08:00:00+00:00,2026-07-17 00:00:00+00:00,12,1.9010000000000105,150.583,-2.736000000000006,2026-06-26,98
2026-07-06 08:00:00+00:00,2026-07-18 00:00:00+00:00,12,2.5319999999999823,150.58,-2.6537142857142637,2026-06-26,98
2026-07-07 08:00:00+00:00,2026-07-19 00:00:00+00:00,12,2.6140000000000043,150.682,-2.133428571428575,2026-06-26,98
2026-06-26 08:00:00+00:00,2026-07-09 00:00:00+00:00,13,-1.2800000000000011,151.982,-4.047642857142866,2026-06-26,97
2026-06-27 08:00:00+00:00,2026-07-10 00:00:00+00:00,13,-0.8670000000000186,151.728,-3.9863571428571216,2026-06-26,97
2026-06-28 08:00:00+00:00,2026-07-11 00:00:00+00:00,13,-0.5749999999999886,151.654,-3.9687142857142863,2026-06-26,97
2026-06-29 08:00:00+00:00,2026-07-12 00:00:00+00:00,13,-0.5020000000000095,151.619,-3.9371428571428653,2026-06-26,97
2026-06-30 08:00:00+00:00,2026-07-13 00:00:00+00:00,13,-0.2220000000000084,151.388,-3.7653571428571486,2026-06-26,97
2026-07-01 08:00:00+00:00,2026-07-14 00:00:00+00:00,13,0.204999999999984,151.126,-3.6947857142856995,2026-06-26,97
2026-07-02 08:00:00+00:00,2026-07-15 00:00:00+00:00,13,0.7779999999999916,150.952,-3.5090714285714255,2026-06-26,97
2026-07-03 08:00:00+00:00,2026-07-16 00:00:00+00:00,13,1.3389999999999986,150.806,-3.366071428571428,2026-06-26,97
2026-07-04 08:00:00+00:00,2026-07-17 00:00:00+00:00,13,1.8760000000000048,150.608,-3.100499999999999,2026-06-26,97
2026-07-05 08:00:00+00:00,2026-07-18 00:00:00+00:00,13,2.5289999999999964,150.583,-2.9640000000000066,2026-06-26,97
2026-07-06 08:00:00+00:00,2026-07-19 00:00:00+00:00,13,2.71599999999998,150.58,-2.874857142857119,2026-06-26,97
2026-06-26 08:00:00+00:00,2026-07-10 00:00:00+00:00,14,-1.121000000000009,151.982,-4.359000000000009,2026-06-26,96
2026-06-27 08:00:00+00:00,2026-07-11 00:00:00+00:00,14,-0.6490000000000009,151.728,-4.292999999999977,2026-06-26,96
2026-06-28 08:00:00+00:00,2026-07-12 00:00:00+00:00,14,-0.5370000000000061,151.654,-4.274000000000001,2026-06-26,96
2026-06-29 08:00:00+00:00,2026-07-13 00:00:00+00:00,14,-0.4530000000000029,151.619,-4.240000000000009,2026-06-26,96
2026-06-30 08:00:00+00:00,2026-07-14 00:00:00+00:00,14,-0.0570000000000163,151.388,-4.055000000000006,2026-06-26,96
2026-07-01 08:00:00+00:00,2026-07-15 00:00:00+00:00,14,0.603999999999985,151.126,-3.978999999999984,2026-06-26,96
2026-07-02 08:00:00+00:00,2026-07-16 00:00:00+00:00,14,1.193000000000012,150.952,-3.7789999999999964,2026-06-26,96
2026-07-03 08:00:00+00:00,2026-07-17 00:00:00+00:00,14,1.6779999999999973,150.806,-3.6249999999999996,2026-06-26,96
2026-07-04 08:00:00+00:00,2026-07-18 00:00:00+00:00,14,2.5039999999999907,150.608,-3.3389999999999986,2026-06-26,96
2026-07-05 08:00:00+00:00,2026-07-19 00:00:00+00:00,14,2.712999999999994,150.583,-3.1920000000000073,2026-06-26,96
