candidate,horizon,n,mae,rmse,bias,p90_abs_error,direction_accuracy_moving,action_accuracy,decision_regret_ppl
baseline_damped_momentum,7,312,0.5484294524335626,0.9525100708403453,-0.014268277319460038,1.2507673526719687,0.9479768786127167,0.6955128205128205,0.0485256410256413
baseline_damped_momentum,14,311,1.2765433871385317,2.0279836197784014,-0.04376514006446419,2.724478059046653,0.8995433789954338,0.5980707395498392,0.1223472668810292
baseline_momentum_long,7,312,0.7250801282051289,1.189904465164305,0.002451923076923073,1.6222499999999904,0.8439306358381503,0.6282051282051282,0.1167307692307696
baseline_momentum_long,14,311,1.558810289389068,2.422157863110159,0.0037942122186494483,3.5600000000000023,0.7945205479452054,0.5627009646302251,0.2678456591639874
baseline_momentum_short,7,312,0.541089743589745,0.9731471546561634,0.004487179487179528,1.2090000000000065,0.9479768786127167,0.7564102564102564,0.0485256410256413
baseline_momentum_short,14,311,1.2182315112540218,2.0761855173010937,0.009742765273311907,2.5999999999999925,0.8995433789954338,0.7138263665594855,0.1223472668810292
baseline_persistence,7,312,0.8545192307692312,1.3657250117400315,-0.03612179487179486,1.908999999999998,0.0,0.44871794871794873,0.40919871794871815
baseline_persistence,14,311,1.6479421221864958,2.554324181799067,-0.07077170418006433,3.469999999999999,0.0,0.2990353697749196,0.7885852090032156
pump_huber,7,312,0.5198693616821829,0.9315590199840664,0.045599578729341915,1.111829966432394,0.9190751445086706,0.7403846153846154,0.06554487179487226
pump_huber,14,311,1.130539525274294,1.8593145273247191,0.09454168772057478,2.602547990528122,0.8995433789954338,0.6977491961414791,0.12684887459807115
pump_ridge,7,312,0.5201047438777107,0.9348690955726957,0.01100339692692385,1.134018344445461,0.9364161849710982,0.7243589743589743,0.05282051282051311
pump_ridge,14,311,1.1452360398543504,1.8689843593778244,0.034172408026751845,2.581757035823632,0.8904109589041096,0.6752411575562701,0.13398713826366615
pump_ridge_3y,7,312,0.5373292791675719,0.964819513110009,0.00904061206849101,1.2520191476962714,0.930635838150289,0.6987179487179487,0.056666666666666914
pump_ridge_3y,14,311,1.1626352056673546,1.906136789743498,0.02995814391324681,2.6361094033219277,0.8949771689497716,0.6688102893890675,0.12508038585209033
pump_single_ridge,7,312,0.5276908667342396,0.9233399819027196,-0.07214318921243183,1.1432313019050346,0.9364161849710982,0.7051282051282052,0.0568910256410261
pump_single_ridge,14,311,1.1436250665512764,1.8552060288259515,-0.13260035288474784,2.43773356197235,0.8904109589041096,0.6816720257234726,0.1338263665594859
